"Season","Competition","Matchday","Date","Venue","Club","Opponent","Playing_Position","Minute","At_score","Type","Goal_assist","Home","Away","Result","Injury_Time"
"04/05","LaLiga","34",2005-05-01,"H","FC Barcelona","Albacete Balompie","CF",90,"2:00","Left-footed shot","Ronaldinho Gaacho",2,0,"Win",1
"05/06","UEFA Champions League","Group Stage",2005-11-02,"H","FC Barcelona","Panathinaikos Athens","RW",34,"3:00","Left-footed shot","No Assist",5,0,"Win",NA
"05/06","LaLiga","13",2005-11-27,"H","FC Barcelona","Racing Santander","RW",51,"2:00","Left-footed shot","Samuel Etoo",4,1,"Win",NA
"05/06","LaLiga","19",2006-01-15,"H","FC Barcelona","Athletic Bilbao","RW",50,"2:01","Left-footed shot","Mark van Bommel",2,1,"Win",NA
"05/06","LaLiga","20",2006-01-22,"H","FC Barcelona","Deportivo Alaves","CF",82,"2:00","Left-footed shot","Ronaldinho Gaacho",2,0,"Win",NA
"05/06","LaLiga","21",2006-01-29,"A","FC Barcelona","RCD Mallorca","CF",75,"0:02","Right-footed shot","Sylvinho",0,3,"Win",NA
"05/06","LaLiga","21",2006-01-29,"A","FC Barcelona","RCD Mallorca","CF",83,"0:03","Left-footed shot","Ronaldinho Gaacho",0,3,"Win",NA
"05/06","Copa del Rey","Quarter-Finals",2006-02-01,"H","FC Barcelona","Real Zaragoza","CF",42,"1:00","Header","Ludovic Giuly",2,1,"Win",NA
"05/06","LaLiga","24",2006-02-18,"H","FC Barcelona","Real Betis Balompie","RW",84,"5:01","Left-footed shot","No Assist",5,1,"Win",NA
"06/07","LaLiga","1",2006-08-28,"A","FC Barcelona","Celta de Vigo","LW",59,"1:02","Left-footed shot","Andres Iniesta",2,3,"Win",NA
"06/07","LaLiga","2",2006-09-09,"H","FC Barcelona","CA Osasuna","RW",36,"3:00","Left-footed shot","Samuel Etoo",3,0,"Win",NA
"06/07","UEFA Champions League","Group Stage",2006-09-27,"A","FC Barcelona","SV Werder Bremen","RW",89,"1:01","Left-footed shot","Deco",1,1,"Tie",NA
"06/07","LaLiga","6",2006-10-15,"H","FC Barcelona","Sevilla FC","RW",80,"3:01","Right-footed shot","Xavi",3,1,"Win",NA
"06/07","LaLiga","26",2007-03-10,"H","FC Barcelona","Real Madrid","RW",11,"1:01","Left-footed shot","Samuel Etoo",3,3,"Tie",NA
"06/07","LaLiga","26",2007-03-10,"H","FC Barcelona","Real Madrid","RW",28,"2:02","Left-footed shot","No Assist",3,3,"Tie",NA
"06/07","LaLiga","26",2007-03-10,"H","FC Barcelona","Real Madrid","RW",90,"3:03","Left-footed shot","Ronaldinho Gaacho",3,3,"Tie",1
"06/07","LaLiga","27",2007-03-17,"A","FC Barcelona","Recreativo Huelva","RW",86,"0:04","Left-footed shot","No Assist",0,4,"Win",NA
"06/07","LaLiga","28",2007-03-31,"H","FC Barcelona","Deportivo de La Coruaa","RW",45,"1:00","Left-footed shot","Ronaldinho Gaacho",2,1,"Win",NA
"06/07","Copa del Rey","Semi-Finals",2007-04-18,"H","FC Barcelona","Getafe CF","RW",29,"2:00","Solo run","Xavi",5,2,"Win",NA
"06/07","Copa del Rey","Semi-Finals",2007-04-18,"H","FC Barcelona","Getafe CF","RW",45,"3:00","Left-footed shot","Deco",5,2,"Win",NA
"06/07","LaLiga","35",2007-05-20,"A","FC Barcelona","Atletico de Madrid","RW",39,"0:01","Left-footed shot","Samuel Etoo",0,6,"Win",NA
"06/07","LaLiga","35",2007-05-20,"A","FC Barcelona","Atletico de Madrid","RW",80,"0:05","Left-footed shot","Giovanni van Bronckhorst",0,6,"Win",NA
"06/07","LaLiga","37",2007-06-09,"H","FC Barcelona","RCD Espanyol Barcelona","RW",43,"1:01","Mano de D10S","Gianluca Zambrotta",2,2,"Tie",NA
"06/07","LaLiga","37",2007-06-09,"H","FC Barcelona","RCD Espanyol Barcelona","RW",57,"2:01","Right-footed shot","Deco",2,2,"Tie",NA
"06/07","LaLiga","38",2007-06-17,"A","FC Barcelona","Gimnastic de Tarragona","RW",34,"0:02","Left-footed shot","Deco",1,5,"Win",NA
"06/07","LaLiga","38",2007-06-17,"A","FC Barcelona","Gimnastic de Tarragona","RW",51,"0:04","Left-footed shot","Deco",1,5,"Win",NA
"07/08","UEFA Champions League","Group Stage",2007-09-19,"H","FC Barcelona","Olympique Lyon","RW",82,"2:00","Left-footed shot","Andres Iniesta",3,0,"Win",NA
"07/08","LaLiga","4",2007-09-22,"H","FC Barcelona","Sevilla FC","RW",72,"1:00","Left-footed shot","Thierry Henry",2,1,"Win",NA
"07/08","LaLiga","4",2007-09-22,"H","FC Barcelona","Sevilla FC","RW",79,"2:00","Penalty","No Assist",2,1,"Win",NA
"07/08","LaLiga","5",2007-09-26,"H","FC Barcelona","Real Zaragoza","RW",5,"1:00","Left-footed shot","Thierry Henry",4,1,"Win",NA
"07/08","LaLiga","5",2007-09-26,"H","FC Barcelona","Real Zaragoza","RW",10,"2:01","Left-footed shot","Deco",4,1,"Win",NA
"07/08","LaLiga","6",2007-09-29,"A","FC Barcelona","Levante UD","RW",50,"0:04","Left-footed shot","Deco",1,4,"Win",NA
"07/08","UEFA Champions League","Group Stage",2007-10-02,"A","FC Barcelona","VfB Stuttgart","RW",66,"0:02","Deflected shot on goal","Thierry Henry",0,2,"Win",NA
"07/08","LaLiga","7",2007-10-07,"H","FC Barcelona","Atletico de Madrid","RW",19,"2:00","Left-footed shot","Ronaldinho Gaacho",3,0,"Win",NA
"07/08","LaLiga","9",2007-10-28,"H","FC Barcelona","UD Almera","RW",80,"2:00","Penalty","No Assist",2,0,"Win",NA
"07/08","UEFA Champions League","Group Stage",2007-11-07,"H","FC Barcelona","Rangers FC","RW",41,"2:00","Left-footed shot","Ronaldinho Gaacho",2,0,"Win",NA
"07/08","LaLiga","13",2007-11-24,"H","FC Barcelona","Recreativo Huelva","RW",81,"3:00","Penalty","No Assist",3,0,"Win",NA
"07/08","UEFA Champions League","Group Stage",2007-11-27,"A","FC Barcelona","Olympique Lyon","RW",58,"1:02","Penalty","No Assist",2,2,"Tie",NA
"07/08","UEFA Champions League","last 16",2008-02-20,"A","FC Barcelona","Celtic FC","RW",18,"1:01","Left-footed shot","Deco",2,3,"Win",NA
"07/08","UEFA Champions League","last 16",2008-02-20,"A","FC Barcelona","Celtic FC","RW",79,"2:03","Left-footed shot","No Assist",2,3,"Win",NA
"07/08","LaLiga","25",2008-02-24,"H","FC Barcelona","Levante UD","RW",44,"2:01","Left-footed shot","Xavi",5,1,"Win",NA
"07/08","LaLiga","35",2008-05-04,"H","FC Barcelona","Valencia CF","RW",5,"1:00","Penalty","No Assist",6,0,"Win",NA
"08/09","LaLiga","2",2008-09-13,"H","FC Barcelona","Racing Santander","RW",70,"1:00","Penalty","No Assist",1,1,"Tie",NA
"08/09","LaLiga","3",2008-09-21,"A","FC Barcelona","Sporting GijÃ³n","RW",85,"1:05","Left-footed shot","Andres Iniesta",1,6,"Win",NA
"08/09","LaLiga","3",2008-09-21,"A","FC Barcelona","Sporting GijÃ³n","RW",89,"1:06","Header","Xavi",1,6,"Win",NA
"08/09","LaLiga","5",2008-09-27,"A","FC Barcelona","RCD Espanyol Barcelona","RW",90,"1:02","Penalty","No Assist",1,2,"Win",NA
"08/09","UEFA Champions League","Group Stage",2008-10-01,"A","FC Barcelona","Shakhtar Donetsk","RW",87,"1:01","Right-footed shot","Bojan Krkic",1,2,"Win",NA
"08/09","UEFA Champions League","Group Stage",2008-10-01,"A","FC Barcelona","Shakhtar Donetsk","RW",90,"1:02","Left-footed shot","Xavi",1,2,"Win",2
"08/09","LaLiga","6",2008-10-04,"H","FC Barcelona","Atletico de Madrid","RW",8,"3:00","Direct free kick","No Assist",6,1,"Win",NA
"08/09","UEFA Champions League","Group Stage",2008-10-22,"A","FC Barcelona","FC Basel 1893","CF",4,"0:01","Left-footed shot","Dani Alves",0,5,"Win",NA
"08/09","LaLiga","9",2008-11-01,"A","FC Barcelona","Malaga CF","RW",19,"1:02","Left-footed shot","No Assist",1,4,"Win",NA
"08/09","UEFA Champions League","Group Stage",2008-11-04,"H","FC Barcelona","FC Basel 1893","RW",61,"1:00","Left-footed shot","Thierry Henry",1,1,"Tie",NA
"08/09","Copa del Rey","Fifth Round",2008-11-12,"H","FC Barcelona","Benidorm CD","RW",86,"1:00","Penalty rebound","No Assist",1,0,"Win",NA
"08/09","LaLiga","11",2008-11-16,"A","FC Barcelona","Recreativo Huelva","RW",51,"0:01","Left-footed shot","Xavi",0,2,"Win",NA
"08/09","UEFA Champions League","Group Stage",2008-11-26,"A","FC Barcelona","Sporting CP","RW",49,"0:03","Left-footed shot","Dani Alves",2,5,"Win",NA
"08/09","LaLiga","13",2008-11-29,"A","FC Barcelona","Sevilla FC","RW",78,"0:02","Left-footed shot","Xavi",0,3,"Win",NA
"08/09","LaLiga","13",2008-11-29,"A","FC Barcelona","Sevilla FC","RW",90,"0:03","Left-footed shot","Aleksandr Hleb",0,3,"Win",2
"08/09","LaLiga","15",2008-12-13,"H","FC Barcelona","Real Madrid","RW",89,"2:00","Counter attack goal","Thierry Henry",2,0,"Win",NA
"08/09","Copa del Rey","Round of 16",2009-01-06,"A","FC Barcelona","Atletico de Madrid","RW",11,"0:01","Left-footed shot","Dani Alves",1,3,"Win",NA
"08/09","Copa del Rey","Round of 16",2009-01-06,"A","FC Barcelona","Atletico de Madrid","RW",57,"0:02","Penalty","No Assist",1,3,"Win",NA
"08/09","Copa del Rey","Round of 16",2009-01-06,"A","FC Barcelona","Atletico de Madrid","RW",79,"1:03","Right-footed shot","Andres Iniesta",1,3,"Win",NA
"08/09","LaLiga","18",2009-01-11,"A","FC Barcelona","CA Osasuna","RW",84,"2:03","Left-footed shot","Dani Alves",2,3,"Win",NA
"08/09","LaLiga","19",2009-01-17,"H","FC Barcelona","Deportivo de La Coruaa","RW",21,"1:00","Left-footed shot","No Assist",5,0,"Win",NA
"08/09","LaLiga","20",2009-01-24,"H","FC Barcelona","CD Numancia","RW",49,"1:00","Left-footed shot","Dani Alves",4,1,"Win",NA
"08/09","LaLiga","20",2009-01-24,"H","FC Barcelona","CD Numancia","RW",76,"4:01","Right-footed shot","No Assist",4,1,"Win",NA
"08/09","LaLiga","21",2009-02-01,"A","FC Barcelona","Racing Santander","RW",65,"1:01","Right-footed shot","Xavi",1,2,"Win",NA
"08/09","LaLiga","21",2009-02-01,"A","FC Barcelona","Racing Santander","RW",81,"1:02","Right-footed shot","No Assist",1,2,"Win",NA
"08/09","LaLiga","25",2009-03-01,"A","FC Barcelona","Atletico de Madrid","RW",30,"0:02","Left-footed shot","No Assist",4,3,"Loss",NA
"08/09","Copa del Rey","Semi-Finals",2009-03-04,"A","FC Barcelona","RCD Mallorca","RW",81,"1:01","Left-footed shot","Gerard Pique",1,1,"Tie",NA
"08/09","LaLiga","26",2009-03-07,"H","FC Barcelona","Athletic Bilbao","RW",31,"2:00","Penalty","No Assist",2,0,"Win",NA
"08/09","UEFA Champions League","last 16",2009-03-11,"H","FC Barcelona","Olympique Lyon","RW",40,"3:00","Left-footed shot","Samuel Etoo",5,2,"Win",NA
"08/09","LaLiga","28",2009-03-22,"H","FC Barcelona","Malaga CF","RW",26,"2:00","Right-footed shot","Xavi",6,0,"Win",NA
"08/09","UEFA Champions League","Quarter-Finals",2009-04-08,"H","FC Barcelona","Bayern Munich","RW",9,"1:00","Left-footed shot","Samuel Etoo",4,0,"Win",NA
"08/09","UEFA Champions League","Quarter-Finals",2009-04-08,"H","FC Barcelona","Bayern Munich","RW",38,"3:00","Right-footed shot","Thierry Henry",4,0,"Win",NA
"08/09","LaLiga","31",2009-04-18,"A","FC Barcelona","Getafe CF","RW",18,"0:01","Left-footed shot","Xavi",0,1,"Win",NA
"08/09","LaLiga","33",2009-04-25,"A","FC Barcelona","Valencia CF","RW",23,"0:01","Left-footed shot","Andres Iniesta",2,2,"Tie",NA
"08/09","LaLiga","34",2009-05-02,"A","FC Barcelona","Real Madrid","CF",35,"1:03","Left-footed shot","Xavi",2,6,"Win",NA
"08/09","LaLiga","34",2009-05-02,"A","FC Barcelona","Real Madrid","CF",75,"2:05","Left-footed shot","Xavi",2,6,"Win",NA
"08/09","Copa del Rey","Final",2009-05-13,"H","FC Barcelona","Athletic Bilbao","RW",55,"2:01","Left-footed shot","Samuel Etoo",4,1,"Win",NA
"08/09","UEFA Champions League","Final",2009-05-27,"H","FC Barcelona","Manchester United","CF",70,"2:00","Header","Xavi",2,0,"Win",NA
"09/10","Supercopa","final",2009-08-23,"H","FC Barcelona","Athletic Bilbao","RW",50,"1:00","Right-footed shot","Zlatan Ibrahimovic",3,0,"Win",NA
"09/10","Supercopa","final",2009-08-23,"H","FC Barcelona","Athletic Bilbao","RW",68,"2:00","Penalty","No Assist",3,0,"Win",NA
"09/10","LaLiga","2",2009-09-12,"A","FC Barcelona","Getafe CF","RW",78,"0:02","Header","Zlatan Ibrahimovic",0,2,"Win",NA
"09/10","LaLiga","3",2009-09-19,"H","FC Barcelona","Atletico de Madrid","RW",15,"2:00","Left-footed shot","Xavi",5,2,"Win",NA
"09/10","LaLiga","3",2009-09-19,"H","FC Barcelona","Atletico de Madrid","RW",90,"5:02","Right-footed shot","Dani Alves",5,2,"Win",3
"09/10","LaLiga","4",2009-09-22,"A","FC Barcelona","Racing Santander","RW",23,"0:02","Left-footed shot","Xavi",1,4,"Win",NA
"09/10","LaLiga","4",2009-09-22,"A","FC Barcelona","Racing Santander","RW",63,"0:04","Left-footed shot","Xavi",1,4,"Win",NA
"09/10","UEFA Champions League","Group Stage",2009-09-29,"H","FC Barcelona","Dynamo Kyiv","RW",25,"1:00","Left-footed shot","Andres Iniesta",2,0,"Win",NA
"09/10","LaLiga","8",2009-10-25,"H","FC Barcelona","Real Zaragoza","RW",80,"5:01","Left-footed shot","Andres Iniesta",6,1,"Win",NA
"09/10","LaLiga","10",2009-11-07,"H","FC Barcelona","RCD Mallorca","RW",86,"4:01","Penalty","No Assist",4,2,"Win",NA
"09/10","Copa del Rey","5th round",2009-11-10,"H","FC Barcelona","Cultural Leonesa","RW",64,"4:00","Left-footed shot","Pedro",5,0,"Win",NA
"09/10","LaLiga","13",2009-12-05,"A","FC Barcelona","Deportivo de La Coruaa","RW",26,"0:01","Left-footed shot","Dani Alves",1,3,"Win",NA
"09/10","LaLiga","13",2009-12-05,"A","FC Barcelona","Deportivo de La Coruaa","RW",80,"1:02","Header","Pedro",1,3,"Win",NA
"09/10","UEFA Champions League","Group Stage",2009-12-09,"A","FC Barcelona","Dynamo Kyiv","RW",86,"1:02","Direct free kick","No Assist",1,2,"Win",NA
"09/10","FIFA Club World Cup","Semi-Finals",2009-12-16,"A","FC Barcelona","CF Atlante","RW",55,"1:02","Left-footed shot","Zlatan Ibrahimovic",1,3,"Win",NA
"09/10","FIFA Club World Cup","Final",2009-12-19,"A","FC Barcelona","Club Estudiantes de La Plata","RW",110,"1:02","Chest","Dani Alves",1,2,"Win",NA
"09/10","LaLiga","17",2010-01-10,"A","FC Barcelona","CD Tenerife","RW",36,"0:01","Left-footed shot","Bojan Krkic",0,5,"Win",NA
"09/10","LaLiga","17",2010-01-10,"A","FC Barcelona","CD Tenerife","RW",45,"0:03","Right-footed shot","Bojan Krkic",0,5,"Win",NA
"09/10","LaLiga","17",2010-01-10,"A","FC Barcelona","CD Tenerife","RW",75,"0:04","Left-footed shot","Bojan Krkic",0,5,"Win",NA
"09/10","LaLiga","18",2010-01-16,"H","FC Barcelona","Sevilla FC","RW",85,"3:00","Left-footed shot","Dani Alves",4,0,"Win",NA
"09/10","LaLiga","18",2010-01-16,"H","FC Barcelona","Sevilla FC","RW",90,"4:00","Left-footed shot","Ã‰ric Abidal",4,0,"Win",1
"09/10","LaLiga","19",2010-01-23,"A","FC Barcelona","Real Valladolid CF","RW",54,"0:03","Left-footed shot","Zlatan Ibrahimovic",0,3,"Win",NA
"09/10","LaLiga","21",2010-02-06,"H","FC Barcelona","Getafe CF","RW",7,"1:00","Left-footed shot","Yaya Toure",2,1,"Win",NA
"09/10","LaLiga","24",2010-02-27,"H","FC Barcelona","Malaga CF","RW",84,"2:01","Right-footed shot","Dani Alves",2,1,"Win",NA
"09/10","LaLiga","25",2010-03-06,"A","FC Barcelona","UD Almera","RW",42,"1:01","Direct free kick","No Assist",2,2,"Tie",NA
"09/10","LaLiga","25",2010-03-06,"A","FC Barcelona","UD Almera","RW",66,"2:02","Left-footed shot","No Assist",2,2,"Tie",NA
"09/10","LaLiga","26",2010-03-14,"H","FC Barcelona","Valencia CF","CF",56,"1:00","Left-footed shot","Xavi",3,0,"Win",NA
"09/10","LaLiga","26",2010-03-14,"H","FC Barcelona","Valencia CF","CF",80,"2:00","Left-footed shot","Thierry Henry",3,0,"Win",NA
"09/10","LaLiga","26",2010-03-14,"H","FC Barcelona","Valencia CF","CF",82,"3:00","Right-footed shot","Thierry Henry",3,0,"Win",NA
"09/10","UEFA Champions League","last 16",2010-03-17,"H","FC Barcelona","VfB Stuttgart","CF",13,"1:00","Left-footed shot","Yaya Toure",4,0,"Win",NA
"09/10","UEFA Champions League","last 16",2010-03-17,"H","FC Barcelona","VfB Stuttgart","CF",56,"3:00","Left-footed shot","Dani Alves",4,0,"Win",NA
"09/10","LaLiga","27",2010-03-21,"A","FC Barcelona","Real Zaragoza","RW",4,"0:01","Header","Pedro",2,4,"Win",NA
"09/10","LaLiga","27",2010-03-21,"A","FC Barcelona","Real Zaragoza","RW",65,"0:02","Left-footed shot","No Assist",2,4,"Win",NA
"09/10","LaLiga","27",2010-03-21,"A","FC Barcelona","Real Zaragoza","RW",78,"0:03","Left-footed shot","Andres Iniesta",2,4,"Win",NA
"09/10","LaLiga","30",2010-04-03,"H","FC Barcelona","Athletic Bilbao","CF",67,"4:00","Left-footed shot","Pedro",4,1,"Win",NA
"09/10","UEFA Champions League","Quarter-Finals",2010-04-06,"H","FC Barcelona","Arsenal FC","CF",21,"1:01","Left-footed shot","No Assist",4,1,"Win",NA
"09/10","UEFA Champions League","Quarter-Finals",2010-04-06,"H","FC Barcelona","Arsenal FC","CF",37,"2:01","Right-footed shot","Pedro",4,1,"Win",NA
"09/10","UEFA Champions League","Quarter-Finals",2010-04-06,"H","FC Barcelona","Arsenal FC","CF",42,"3:01","Left-footed shot","Seydou Keita",4,1,"Win",NA
"09/10","UEFA Champions League","Quarter-Finals",2010-04-06,"H","FC Barcelona","Arsenal FC","CF",88,"4:01","Left-footed shot","Xavi",4,1,"Win",NA
"09/10","LaLiga","31",2010-04-10,"A","FC Barcelona","Real Madrid","CF",32,"0:01","Right-footed shot","Xavi",0,2,"Win",NA
"09/10","LaLiga","35",2010-05-01,"A","FC Barcelona","Villarreal CF","RW",18,"0:01","Left-footed shot","Xavi",1,4,"Win",NA
"09/10","LaLiga","35",2010-05-01,"A","FC Barcelona","Villarreal CF","RW",87,"1:04","Left-footed shot","Dani Alves",1,4,"Win",NA
"09/10","LaLiga","36",2010-05-04,"H","FC Barcelona","CD Tenerife","RW",16,"1:00","Right-footed shot","Zlatan Ibrahimovic",4,1,"Win",NA
"09/10","LaLiga","36",2010-05-04,"H","FC Barcelona","CD Tenerife","RW",90,"4:01","Right-footed shot","Dani Alves",4,1,"Win",3
"09/10","LaLiga","37",2010-05-08,"A","FC Barcelona","Sevilla FC","RW",5,"0:01","Left-footed shot","Maxwell",2,3,"Win",NA
"09/10","LaLiga","38",2010-05-16,"H","FC Barcelona","Real Valladolid CF","RW",61,"3:00","Right-footed shot","Yaya Toure",4,0,"Win",NA
"09/10","LaLiga","38",2010-05-16,"H","FC Barcelona","Real Valladolid CF","RW",74,"4:00","Left-footed shot","Yaya Toure",4,0,"Win",NA
"10/11","Supercopa","final",2010-08-21,"H","FC Barcelona","Sevilla FC","RW",25,"2:00","Left-footed shot","Xavi",4,0,"Win",NA
"10/11","Supercopa","final",2010-08-21,"H","FC Barcelona","Sevilla FC","RW",43,"3:00","Right-footed shot","Dani Alves",4,0,"Win",NA
"10/11","Supercopa","final",2010-08-21,"H","FC Barcelona","Sevilla FC","RW",90,"4:00","Left-footed shot","Andres Iniesta",4,0,"Win",1
"10/11","LaLiga","1",2010-08-29,"A","FC Barcelona","Racing Santander","RW",3,"0:01","Left-footed shot","Andres Iniesta",0,3,"Win",NA
"10/11","UEFA Champions League","Group Stage",2010-09-14,"H","FC Barcelona","Panathinaikos Athens","CF",22,"1:01","Left-footed shot","Xavi",5,1,"Win",NA
"10/11","UEFA Champions League","Group Stage",2010-09-14,"H","FC Barcelona","Panathinaikos Athens","CF",45,"3:01","Left-footed shot","Pedro",5,1,"Win",NA
"10/11","LaLiga","3",2010-09-19,"A","FC Barcelona","Atletico de Madrid","CF",12,"0:01","Left-footed shot","Pedro",1,2,"Win",NA
"10/11","LaLiga","6",2010-10-03,"H","FC Barcelona","RCD Mallorca","CF",20,"1:00","Left-footed shot","Pedro",1,1,"Tie",NA
"10/11","UEFA Champions League","Group Stage",2010-10-20,"H","FC Barcelona","FC Copenhagen","CF",18,"1:00","Left-footed shot","Andres Iniesta",2,0,"Win",NA
"10/11","UEFA Champions League","Group Stage",2010-10-20,"H","FC Barcelona","FC Copenhagen","CF",90,"2:00","Left-footed shot","Ã‰ric Abidal",2,0,"Win",1
"10/11","LaLiga","8",2010-10-23,"A","FC Barcelona","Real Zaragoza","CF",41,"0:01","Left-footed shot","David Villa",0,2,"Win",NA
"10/11","LaLiga","8",2010-10-23,"A","FC Barcelona","Real Zaragoza","CF",65,"0:02","Left-footed shot","No Assist",0,2,"Win",NA
"10/11","LaLiga","9",2010-10-30,"H","FC Barcelona","Sevilla FC","RW",4,"1:00","Left-footed shot","No Assist",5,0,"Win",NA
"10/11","LaLiga","9",2010-10-30,"H","FC Barcelona","Sevilla FC","RW",63,"4:00","Left-footed shot","No Assist",5,0,"Win",NA
"10/11","UEFA Champions League","Group Stage",2010-11-02,"A","FC Barcelona","FC Copenhagen","CF",31,"0:01","Right-footed shot","No Assist",1,1,"Tie",NA
"10/11","LaLiga","10",2010-11-07,"A","FC Barcelona","Getafe CF","CF",23,"0:01","Left-footed shot","David Villa",1,3,"Win",NA
"10/11","Copa del Rey","4th round",2010-11-10,"H","FC Barcelona","Club Atletico de Ceuta","RW",67,"5:01","Left-footed shot","Thiago",5,1,"Win",NA
"10/11","LaLiga","11",2010-11-13,"H","FC Barcelona","Villarreal CF","CF",58,"2:01","Right-footed shot","Pedro",3,1,"Win",NA
"10/11","LaLiga","11",2010-11-13,"H","FC Barcelona","Villarreal CF","CF",83,"3:01","Left-footed shot","Pedro",3,1,"Win",NA
"10/11","LaLiga","12",2010-11-20,"A","FC Barcelona","UD Almera","CF",16,"0:01","Left-footed shot","David Villa",0,8,"Win",NA
"10/11","LaLiga","12",2010-11-20,"A","FC Barcelona","UD Almera","CF",36,"0:05","Tap-in","No Assist",0,8,"Win",NA
"10/11","LaLiga","12",2010-11-20,"A","FC Barcelona","UD Almera","CF",67,"0:07","Tap-in","David Villa",0,8,"Win",NA
"10/11","UEFA Champions League","Group Stage",2010-11-24,"A","FC Barcelona","Panathinaikos Athens","CF",63,"0:02","Left-footed shot","Adriano",0,3,"Win",NA
"10/11","LaLiga","14",2010-12-04,"A","FC Barcelona","CA Osasuna","CF",64,"0:02","Left-footed shot","David Villa",0,3,"Win",NA
"10/11","LaLiga","14",2010-12-04,"A","FC Barcelona","CA Osasuna","CF",82,"0:03","Penalty","No Assist",0,3,"Win",NA
"10/11","LaLiga","15",2010-12-12,"H","FC Barcelona","Real Sociedad","CF",46,"3:00","Left-footed shot","Dani Alves",5,0,"Win",NA
"10/11","LaLiga","15",2010-12-12,"H","FC Barcelona","Real Sociedad","CF",86,"4:00","Left-footed shot","Bojan Krkic",5,0,"Win",NA
"10/11","LaLiga","18",2011-01-08,"A","FC Barcelona","Deportivo de La Coruaa","CF",51,"0:02","Direct free kick","No Assist",0,4,"Win",NA
"10/11","Copa del Rey","Quarter-Finals",2011-01-12,"H","FC Barcelona","Real Betis Balompie","CF",44,"1:00","Left-footed shot","Andres Iniesta",5,0,"Win",NA
"10/11","Copa del Rey","Quarter-Finals",2011-01-12,"H","FC Barcelona","Real Betis Balompie","CF",63,"2:00","Left-footed shot","No Assist",5,0,"Win",NA
"10/11","Copa del Rey","Quarter-Finals",2011-01-12,"H","FC Barcelona","Real Betis Balompie","CF",73,"3:00","Left-footed shot","Xavi",5,0,"Win",NA
"10/11","Copa del Rey","Quarter-Finals",2011-01-19,"A","FC Barcelona","Real Betis Balompie","RW",37,"2:01","Left-footed shot","Xavi",3,1,"Loss",NA
"10/11","LaLiga","20",2011-01-22,"H","FC Barcelona","Racing Santander","CF",33,"2:00","Penalty","No Assist",3,0,"Win",NA
"10/11","Copa del Rey","Semi-Finals",2011-01-26,"H","FC Barcelona","UD Almera","CF",9,"1:00","Left-footed shot","Pedro",5,0,"Win",NA
"10/11","Copa del Rey","Semi-Finals",2011-01-26,"H","FC Barcelona","UD Almera","CF",15,"3:00","Left-footed shot","Andres Iniesta",5,0,"Win",NA
"10/11","LaLiga","21",2011-01-29,"A","FC Barcelona","Hercules CF","CF",87,"0:02","Left-footed shot","Dani Alves",0,3,"Win",NA
"10/11","LaLiga","21",2011-01-29,"A","FC Barcelona","Hercules CF","CF",89,"0:03","Left-footed shot","Dani Alves",0,3,"Win",NA
"10/11","LaLiga","22",2011-02-05,"H","FC Barcelona","Atletico de Madrid","CF",16,"1:00","Left-footed shot","Dani Alves",3,0,"Win",NA
"10/11","LaLiga","22",2011-02-05,"H","FC Barcelona","Atletico de Madrid","CF",28,"2:00","Left-footed shot","Pedro",3,0,"Win",NA
"10/11","LaLiga","22",2011-02-05,"H","FC Barcelona","Atletico de Madrid","CF",78,"3:00","Left-footed shot","David Villa",3,0,"Win",NA
"10/11","LaLiga","24",2011-02-20,"H","FC Barcelona","Athletic Bilbao","CF",78,"2:01","Right-footed shot","Dani Alves",2,1,"Win",NA
"10/11","LaLiga","25",2011-02-26,"A","FC Barcelona","RCD Mallorca","CF",38,"0:01","Header","Seydou Keita",0,3,"Win",NA
"10/11","LaLiga","26",2011-03-02,"A","FC Barcelona","Valencia CF","CF",77,"0:01","Left-footed shot","Adriano",0,1,"Win",NA
"10/11","UEFA Champions League","last 16",2011-03-08,"H","FC Barcelona","Arsenal FC","RW",49,"1:00","Left-footed shot","Andres Iniesta",3,1,"Win",NA
"10/11","UEFA Champions League","last 16",2011-03-08,"H","FC Barcelona","Arsenal FC","RW",72,"3:01","Penalty","No Assist",3,1,"Win",NA
"10/11","LaLiga","31",2011-04-09,"H","FC Barcelona","UD Almera","CF",52,"1:01","Penalty","No Assist",3,1,"Win",NA
"10/11","LaLiga","31",2011-04-09,"H","FC Barcelona","UD Almera","CF",90,"3:01","Left-footed shot","Seydou Keita",3,1,"Win",1
"10/11","UEFA Champions League","Quarter-Finals",2011-04-12,"A","FC Barcelona","Shakhtar Donetsk","CF",42,"0:01","Left-footed shot","Dani Alves",0,1,"Win",NA
"10/11","LaLiga","32",2011-04-16,"A","FC Barcelona","Real Madrid","CF",53,"0:01","Penalty","No Assist",1,1,"Tie",NA
"10/11","LaLiga","33",2011-04-23,"H","FC Barcelona","CA Osasuna","CF",87,"2:00","Right-footed shot","Dani Alves",2,0,"Win",NA
"10/11","UEFA Champions League","Semi-Finals",2011-04-27,"A","FC Barcelona","Real Madrid","CF",76,"0:01","Left-footed shot","Ibrahim Afellay",0,2,"Win",NA
"10/11","UEFA Champions League","Semi-Finals",2011-04-27,"A","FC Barcelona","Real Madrid","CF",87,"0:02","Solo run","Sergio Busquets",0,2,"Win",NA
"10/11","UEFA Champions League","Final",2011-05-28,"H","FC Barcelona","Manchester United","CF",54,"2:01","Left-footed shot","Andres Iniesta",3,1,"Win",NA
"11/12","Supercopa","final",2011-08-14,"A","FC Barcelona","Real Madrid","CF",45,"1:02","Left-footed shot","Thiago",2,2,"Tie",NA
"11/12","Supercopa","final",2011-08-17,"H","FC Barcelona","Real Madrid","CF",44,"2:01","Right-footed shot","Gerard Pique",3,2,"Win",NA
"11/12","Supercopa","final",2011-08-17,"H","FC Barcelona","Real Madrid","CF",88,"3:02","Left-footed shot","Adriano",3,2,"Win",NA
"11/12","UEFA Super Cup","Final",2011-08-26,"H","FC Barcelona","FC Porto","CF",39,"1:00","Left-footed shot","No Assist",2,0,"Win",NA
"11/12","LaLiga","2",2011-08-29,"H","FC Barcelona","Villarreal CF","CF",51,"4:00","Right-footed shot","Andres Iniesta",5,0,"Win",NA
"11/12","LaLiga","2",2011-08-29,"H","FC Barcelona","Villarreal CF","CF",74,"5:00","Left-footed shot","Thiago",5,0,"Win",NA
"11/12","LaLiga","4",2011-09-17,"H","FC Barcelona","CA Osasuna","CF",5,"1:00","Left-footed shot","Dani Alves",8,0,"Win",NA
"11/12","LaLiga","4",2011-09-17,"H","FC Barcelona","CA Osasuna","CF",41,"5:00","Left-footed shot","Cesc Fabregas",8,0,"Win",NA
"11/12","LaLiga","4",2011-09-17,"H","FC Barcelona","CA Osasuna","CF",79,"8:00","Left-footed shot","Cesc Fabregas",8,0,"Win",NA
"11/12","LaLiga","6",2011-09-24,"H","FC Barcelona","Atletico de Madrid","CF",26,"3:00","Left-footed shot","Pedro",5,0,"Win",NA
"11/12","LaLiga","6",2011-09-24,"H","FC Barcelona","Atletico de Madrid","CF",78,"4:00","Left-footed shot","Dani Alves",5,0,"Win",NA
"11/12","LaLiga","6",2011-09-24,"H","FC Barcelona","Atletico de Madrid","CF",90,"5:00","Left-footed shot","David Villa",5,0,"Win",1
"11/12","UEFA Champions League","Group Stage",2011-09-28,"A","FC Barcelona","BATE Borisov","CF",38,"0:03","Header","No Assist",0,5,"Win",NA
"11/12","UEFA Champions League","Group Stage",2011-09-28,"A","FC Barcelona","BATE Borisov","CF",56,"0:04","Left-footed shot","Dani Alves",0,5,"Win",NA
"11/12","LaLiga","8",2011-10-15,"H","FC Barcelona","Racing Santander","CF",11,"1:00","Right-footed shot","Andres Iniesta",3,0,"Win",NA
"11/12","LaLiga","8",2011-10-15,"H","FC Barcelona","Racing Santander","CF",69,"3:00","Right-footed shot","No Assist",3,0,"Win",NA
"11/12","LaLiga","11",2011-10-29,"H","FC Barcelona","RCD Mallorca","CF",13,"1:00","Penalty","No Assist",5,0,"Win",NA
"11/12","LaLiga","11",2011-10-29,"H","FC Barcelona","RCD Mallorca","CF",21,"2:00","Right-footed shot","Adriano",5,0,"Win",NA
"11/12","LaLiga","11",2011-10-29,"H","FC Barcelona","RCD Mallorca","CF",30,"3:00","Left-footed shot","Dani Alves",5,0,"Win",NA
"11/12","UEFA Champions League","Group Stage",2011-11-01,"A","FC Barcelona","FC Viktoria Plzen","CF",24,"0:01","Penalty","No Assist",0,4,"Win",NA
"11/12","UEFA Champions League","Group Stage",2011-11-01,"A","FC Barcelona","FC Viktoria Plzen","CF",45,"0:02","Left-footed shot","Adriano",0,4,"Win",2
"11/12","UEFA Champions League","Group Stage",2011-11-01,"A","FC Barcelona","FC Viktoria Plzen","CF",90,"0:04","Left-footed shot","Gerard Pique",0,4,"Win",2
"11/12","LaLiga","12",2011-11-06,"A","FC Barcelona","Athletic Bilbao","CF",90,"2:02","Left-footed shot","No Assist",2,2,"Tie",NA
"11/12","LaLiga","13",2011-11-19,"H","FC Barcelona","Real Zaragoza","CF",43,"2:00","Right-footed shot","Cesc Fabregas",4,0,"Win",NA
"11/12","UEFA Champions League","Group Stage",2011-11-23,"A","FC Barcelona","AC Milan","SS",31,"1:02","Penalty","No Assist",2,3,"Win",NA
"11/12","LaLiga","17",2011-11-29,"H","FC Barcelona","Rayo Vallecano","CF",49,"4:00","Left-footed shot","Dani Alves",4,0,"Win",NA
"11/12","LaLiga","15",2011-12-03,"H","FC Barcelona","Levante UD","CF",55,"4:00","Left-footed shot","Dani Alves",5,0,"Win",NA
"11/12","FIFA Club World Cup","Final",2011-12-18,"A","FC Barcelona","Santos FC","RW",17,"0:01","Left-footed shot","Xavi",0,4,"Win",NA
"11/12","FIFA Club World Cup","Final",2011-12-18,"A","FC Barcelona","Santos FC","RW",82,"0:04","Left-footed shot","Dani Alves",0,4,"Win",NA
"11/12","Copa del Rey","last 16",2012-01-04,"H","FC Barcelona","CA Osasuna","CF",71,"3:00","Header","Cesc Fabregas",4,0,"Win",NA
"11/12","Copa del Rey","last 16",2012-01-04,"H","FC Barcelona","CA Osasuna","CF",90,"4:00","Left-footed shot","Xavi",4,0,"Win",NA
"11/12","LaLiga","19",2012-01-15,"H","FC Barcelona","Real Betis Balompie","CF",12,"2:00","Right-footed shot","Alexis Sanchez",4,2,"Win",NA
"11/12","LaLiga","19",2012-01-15,"H","FC Barcelona","Real Betis Balompie","CF",86,"4:02","Penalty","No Assist",4,2,"Win",NA
"11/12","LaLiga","1",2012-01-22,"A","FC Barcelona","Malaga CF","CF",32,"0:01","Header","Adriano",1,4,"Win",NA
"11/12","LaLiga","1",2012-01-22,"A","FC Barcelona","Malaga CF","CF",51,"0:03","Left-footed shot","Thiago",1,4,"Win",NA
"11/12","LaLiga","1",2012-01-22,"A","FC Barcelona","Malaga CF","CF",77,"0:04","Left-footed shot","Pedro",1,4,"Win",NA
"11/12","LaLiga","22",2012-02-04,"H","FC Barcelona","Real Sociedad","CF",72,"2:00","Left-footed shot","Dani Alves",2,1,"Win",NA
"11/12","UEFA Champions League","last 16",2012-02-14,"A","FC Barcelona","Bayer 04 Leverkusen","CF",88,"1:03","Left-footed shot","Dani Alves",1,3,"Win",NA
"11/12","LaLiga","24",2012-02-19,"H","FC Barcelona","Valencia CF","CF",21,"1:01","Left-footed shot","No Assist",5,1,"Win",NA
"11/12","LaLiga","24",2012-02-19,"H","FC Barcelona","Valencia CF","CF",27,"2:01","Tap-in","No Assist",5,1,"Win",NA
"11/12","LaLiga","24",2012-02-19,"H","FC Barcelona","Valencia CF","CF",75,"3:01","Left-footed shot","Cristian Tello",5,1,"Win",NA
"11/12","LaLiga","24",2012-02-19,"H","FC Barcelona","Valencia CF","CF",84,"4:01","Left-footed shot","Sergio Busquets",5,1,"Win",NA
"11/12","LaLiga","25",2012-02-26,"A","FC Barcelona","Atletico de Madrid","CF",79,"1:02","Direct free kick","No Assist",1,2,"Win",NA
"11/12","UEFA Champions League","last 16",2012-03-07,"H","FC Barcelona","Bayer 04 Leverkusen","CF",25,"1:00","Left-footed shot","Xavi",7,1,"Win",NA
"11/12","UEFA Champions League","last 16",2012-03-07,"H","FC Barcelona","Bayer 04 Leverkusen","CF",42,"2:00","Left-footed shot","Andres Iniesta",7,1,"Win",NA
"11/12","UEFA Champions League","last 16",2012-03-07,"H","FC Barcelona","Bayer 04 Leverkusen","CF",50,"3:00","Right-footed shot","Cesc Fabregas",7,1,"Win",NA
"11/12","UEFA Champions League","last 16",2012-03-07,"H","FC Barcelona","Bayer 04 Leverkusen","CF",58,"5:00","Left-footed shot","No Assist",7,1,"Win",NA
"11/12","UEFA Champions League","last 16",2012-03-07,"H","FC Barcelona","Bayer 04 Leverkusen","CF",85,"7:00","Left-footed shot","Seydou Keita",7,1,"Win",NA
"11/12","LaLiga","27",2012-03-11,"A","FC Barcelona","Racing Santander","CF",28,"0:01","Left-footed shot","Cesc Fabregas",0,2,"Win",NA
"11/12","LaLiga","27",2012-03-11,"A","FC Barcelona","Racing Santander","CF",55,"0:02","Penalty","No Assist",0,2,"Win",NA
"11/12","LaLiga","28",2012-03-17,"A","FC Barcelona","Sevilla FC","CF",25,"0:02","Left-footed shot","Andres Iniesta",0,2,"Win",NA
"11/12","LaLiga","29",2012-03-20,"H","FC Barcelona","Granada CF","CF",16,"2:00","Left-footed shot","Isaac Cuenca",5,3,"Win",NA
"11/12","LaLiga","29",2012-03-20,"H","FC Barcelona","Granada CF","CF",66,"3:02","Left-footed shot","Dani Alves",5,3,"Win",NA
"11/12","LaLiga","29",2012-03-20,"H","FC Barcelona","Granada CF","CF",85,"5:02","Left-footed shot","Dani Alves",5,3,"Win",NA
"11/12","LaLiga","30",2012-03-24,"A","FC Barcelona","RCD Mallorca","CF",25,"0:01","Direct free kick","No Assist",0,2,"Win",NA
"11/12","LaLiga","31",2012-03-31,"H","FC Barcelona","Athletic Bilbao","CF",57,"2:00","Penalty","No Assist",2,0,"Win",NA
"11/12","UEFA Champions League","Quarter-Finals",2012-04-03,"H","FC Barcelona","AC Milan","RW",11,"1:00","Penalty","No Assist",3,1,"Win",NA
"11/12","UEFA Champions League","Quarter-Finals",2012-04-03,"H","FC Barcelona","AC Milan","RW",42,"2:01","Penalty","No Assist",3,1,"Win",NA
"11/12","LaLiga","32",2012-04-07,"A","FC Barcelona","Real Zaragoza","CF",39,"1:02","Left-footed shot","Alexis Sanchez",1,4,"Win",NA
"11/12","LaLiga","32",2012-04-07,"A","FC Barcelona","Real Zaragoza","CF",86,"1:03","Penalty","No Assist",1,4,"Win",NA
"11/12","LaLiga","33",2012-04-10,"H","FC Barcelona","Getafe CF","CF",44,"2:00","Left-footed shot","Andres Iniesta",4,0,"Win",NA
"11/12","LaLiga","34",2012-04-14,"A","FC Barcelona","Levante UD","CF",64,"1:01","Left-footed shot","Alexis Sanchez",1,2,"Win",NA
"11/12","LaLiga","34",2012-04-14,"A","FC Barcelona","Levante UD","CF",73,"1:02","Penalty","No Assist",1,2,"Win",NA
"11/12","LaLiga","36",2012-04-29,"A","FC Barcelona","Rayo Vallecano","CF",16,"0:01","Left-footed shot","Pedro",0,7,"Win",NA
"11/12","LaLiga","36",2012-04-29,"A","FC Barcelona","Rayo Vallecano","CF",88,"0:07","Left-footed shot","Pedro",0,7,"Win",NA
"11/12","LaLiga","20",2012-05-02,"H","FC Barcelona","Malaga CF","CF",34,"2:01","Penalty","No Assist",4,1,"Win",NA
"11/12","LaLiga","20",2012-05-02,"H","FC Barcelona","Malaga CF","CF",60,"3:01","Penalty","No Assist",4,1,"Win",NA
"11/12","LaLiga","20",2012-05-02,"H","FC Barcelona","Malaga CF","CF",63,"4:01","Left-footed shot","Andres Iniesta",4,1,"Win",NA
"11/12","LaLiga","37",2012-05-05,"H","FC Barcelona","RCD Espanyol Barcelona","CF",11,"1:00","Direct free kick","No Assist",4,0,"Win",NA
"11/12","LaLiga","37",2012-05-05,"H","FC Barcelona","RCD Espanyol Barcelona","CF",63,"2:00","Penalty","No Assist",4,0,"Win",NA
"11/12","LaLiga","37",2012-05-05,"H","FC Barcelona","RCD Espanyol Barcelona","CF",73,"3:00","Left-footed shot","Adriano",4,0,"Win",NA
"11/12","LaLiga","37",2012-05-05,"H","FC Barcelona","RCD Espanyol Barcelona","CF",78,"4:00","Penalty","No Assist",4,0,"Win",NA
"11/12","Copa del Rey","Final",2012-05-25,"H","FC Barcelona","Athletic Bilbao","CF",20,"2:00","Right-footed shot","Andres Iniesta",3,0,"Win",NA
"13/14","LaLiga","1",2012-08-19,"H","FC Barcelona","Real Sociedad","CF",10,"2:01","Left-footed shot","Pedro",5,1,"Win",NA
"13/14","LaLiga","1",2012-08-19,"H","FC Barcelona","Real Sociedad","CF",15,"3:01","Left-footed shot","Cristian Tello",5,1,"Win",NA
"13/14","Supercopa","final",2012-08-23,"H","FC Barcelona","Real Madrid","CF",60,"2:01","Penalty","No Assist",3,2,"Win",NA
"13/14","LaLiga","2",2012-08-26,"A","FC Barcelona","CA Osasuna","CF",74,"1:01","Left-footed shot","Alexis Sanchez",1,2,"Win",NA
"13/14","LaLiga","2",2012-08-26,"A","FC Barcelona","CA Osasuna","CF",79,"1:02","Left-footed shot","Jordi Alba",1,2,"Win",NA
"13/14","Supercopa","final",2012-08-29,"A","FC Barcelona","Real Madrid","CF",45,"2:01","Direct free kick","No Assist",2,1,"Loss",NA
"13/14","LaLiga","4",2012-09-15,"A","FC Barcelona","Getafe CF","CF",74,"0:02","Penalty","No Assist",1,4,"Win",NA
"13/14","LaLiga","4",2012-09-15,"A","FC Barcelona","Getafe CF","CF",78,"0:03","Left-footed shot","Pedro",1,4,"Win",NA
"13/14","UEFA Champions League","Group Stage",2012-09-19,"H","FC Barcelona","Spartak Moscow","CF",71,"2:02","Left-footed shot","Cristian Tello",3,2,"Win",NA
"13/14","UEFA Champions League","Group Stage",2012-09-19,"H","FC Barcelona","Spartak Moscow","CF",80,"3:02","Header","Alexis Sanchez",3,2,"Win",NA
"13/14","LaLiga","7",2012-10-07,"H","FC Barcelona","Real Madrid","CF",31,"1:01","Left-footed shot","No Assist",2,2,"Tie",NA
"13/14","LaLiga","7",2012-10-07,"H","FC Barcelona","Real Madrid","CF",60,"2:01","Direct free kick","No Assist",2,2,"Tie",NA
"13/14","LaLiga","8",2012-10-20,"A","FC Barcelona","Deportivo de La Coruaa","CF",17,"0:03","Left-footed shot","Cesc Fabregas",4,5,"Win",NA
"13/14","LaLiga","8",2012-10-20,"A","FC Barcelona","Deportivo de La Coruaa","CF",43,"2:04","Left-footed shot","Cesc Fabregas",4,5,"Win",NA
"13/14","LaLiga","8",2012-10-20,"A","FC Barcelona","Deportivo de La Coruaa","CF",76,"3:05","Left-footed shot","Xavi",4,5,"Win",NA
"13/14","LaLiga","9",2012-10-27,"A","FC Barcelona","Rayo Vallecano","CF",48,"0:02","Left-footed shot","Marta Montoya",0,5,"Win",NA
"13/14","LaLiga","9",2012-10-27,"A","FC Barcelona","Rayo Vallecano","CF",89,"0:05","Right-footed shot","Cesc Fabregas",0,5,"Win",NA
"13/14","UEFA Champions League","Group Stage",2012-11-07,"A","FC Barcelona","Celtic FC","CF",90,"2:01","Tap-in","No Assist",2,1,"Loss",1
"13/14","LaLiga","11",2012-11-11,"A","FC Barcelona","RCD Mallorca","CF",43,"0:02","Left-footed shot","Sergio Busquets",2,4,"Win",NA
"13/14","LaLiga","11",2012-11-11,"A","FC Barcelona","RCD Mallorca","CF",70,"2:04","Left-footed shot","Alexis Sanchez",2,4,"Win",NA
"13/14","LaLiga","12",2012-11-17,"H","FC Barcelona","Real Zaragoza","CF",15,"1:00","Left-footed shot","Jordi Alba",3,1,"Win",NA
"13/14","LaLiga","12",2012-11-17,"H","FC Barcelona","Real Zaragoza","CF",60,"3:01","Left-footed shot","Marta Montoya",3,1,"Win",NA
"13/14","UEFA Champions League","Group Stage",2012-11-20,"A","FC Barcelona","Spartak Moscow","CF",27,"0:02","Right-footed shot","No Assist",0,3,"Win",NA
"13/14","UEFA Champions League","Group Stage",2012-11-20,"A","FC Barcelona","Spartak Moscow","CF",39,"0:03","Left-footed shot","Pedro",0,3,"Win",NA
"13/14","LaLiga","13",2012-11-25,"A","FC Barcelona","Levante UD","CF",46,"0:01","Left-footed shot","Andres Iniesta",0,4,"Win",NA
"13/14","LaLiga","13",2012-11-25,"A","FC Barcelona","Levante UD","CF",51,"0:02","Left-footed shot","Andres Iniesta",0,4,"Win",NA
"13/14","LaLiga","14",2012-12-01,"H","FC Barcelona","Athletic Bilbao","CF",24,"2:00","Left-footed shot","Xavi",5,1,"Win",NA
"13/14","LaLiga","14",2012-12-01,"H","FC Barcelona","Athletic Bilbao","CF",69,"5:01","Right-footed shot","Pedro",5,1,"Win",NA
"13/14","LaLiga","15",2012-12-09,"A","FC Barcelona","Real Betis Balompie","CF",16,"0:01","Left-footed shot","Andres Iniesta",1,2,"Win",NA
"13/14","LaLiga","15",2012-12-09,"A","FC Barcelona","Real Betis Balompie","CF",25,"0:02","Left-footed shot","Andres Iniesta",1,2,"Win",NA
"13/14","Copa del Rey","last 16",2012-12-12,"A","FC Barcelona","CÃ³rdoba CF","CF",10,"0:01","Left-footed shot","David Villa",0,2,"Win",NA
"13/14","Copa del Rey","last 16",2012-12-12,"A","FC Barcelona","CÃ³rdoba CF","CF",73,"0:02","Left-footed shot","Alexis Sanchez",0,2,"Win",NA
"13/14","LaLiga","16",2012-12-16,"H","FC Barcelona","Atletico de Madrid","CF",58,"3:01","Left-footed shot","Alexis Sanchez",4,1,"Win",NA
"13/14","LaLiga","16",2012-12-16,"H","FC Barcelona","Atletico de Madrid","CF",88,"4:01","Left-footed shot","No Assist",4,1,"Win",NA
"13/14","LaLiga","17",2012-12-22,"A","FC Barcelona","Real Valladolid CF","CF",59,"0:02","Left-footed shot","Xavi",1,3,"Win",NA
"13/14","LaLiga","18",2013-01-06,"H","FC Barcelona","RCD Espanyol Barcelona","CF",28,"4:00","Penalty","No Assist",4,0,"Win",NA
"13/14","LaLiga","19",2013-01-13,"A","FC Barcelona","Malaga CF","CF",26,"0:01","Right-footed shot","No Assist",1,3,"Win",NA
"13/14","Copa del Rey","Quarter-Finals",2013-01-16,"H","FC Barcelona","Malaga CF","CF",29,"1:01","Left-footed shot","No Assist",2,2,"Tie",NA
"13/14","LaLiga","20",2013-01-19,"A","FC Barcelona","Real Sociedad","CF",6,"0:01","Left-footed shot","Andres Iniesta",3,2,"Loss",NA
"13/14","Copa del Rey","Quarter-Finals",2013-01-24,"A","FC Barcelona","Malaga CF","CF",79,"2:04","Header","Dani Alves",2,4,"Win",NA
"13/14","LaLiga","21",2013-01-27,"H","FC Barcelona","CA Osasuna","CF",11,"1:00","Right-footed shot","Xavi",5,1,"Win",NA
"13/14","LaLiga","21",2013-01-27,"H","FC Barcelona","CA Osasuna","CF",28,"2:01","Penalty","No Assist",5,1,"Win",NA
"13/14","LaLiga","21",2013-01-27,"H","FC Barcelona","CA Osasuna","CF",56,"4:01","Left-footed shot","David Villa",5,1,"Win",NA
"13/14","LaLiga","21",2013-01-27,"H","FC Barcelona","CA Osasuna","CF",58,"5:01","Left-footed shot","Adriano",5,1,"Win",NA
"13/14","LaLiga","22",2013-02-03,"A","FC Barcelona","Valencia CF","CF",39,"1:01","Penalty","No Assist",1,1,"Tie",NA
"13/14","LaLiga","23",2013-02-10,"H","FC Barcelona","Getafe CF","CF",13,"2:00","Left-footed shot","Thiago",6,1,"Win",NA
"13/14","LaLiga","24",2013-02-16,"A","FC Barcelona","Granada CF","CF",49,"1:01","Left-footed shot","No Assist",1,2,"Win",NA
"13/14","LaLiga","24",2013-02-16,"A","FC Barcelona","Granada CF","CF",72,"1:02","Direct free kick","No Assist",1,2,"Win",NA
"13/14","LaLiga","25",2013-02-23,"H","FC Barcelona","Sevilla FC","CF",60,"2:01","Left-footed shot","Cristian Tello",2,1,"Win",NA
"13/14","LaLiga","26",2013-03-02,"A","FC Barcelona","Real Madrid","CF",18,"1:01","Left-footed shot","Dani Alves",2,1,"Loss",NA
"13/14","LaLiga","27",2013-03-09,"H","FC Barcelona","Deportivo de La Coruaa","CF",88,"2:00","Left-footed shot","Alexis Sanchez",2,0,"Win",NA
"13/14","UEFA Champions League","last 16",2013-03-12,"H","FC Barcelona","AC Milan","CF",5,"1:00","Left-footed shot","Xavi",4,0,"Win",NA
"13/14","UEFA Champions League","last 16",2013-03-12,"H","FC Barcelona","AC Milan","CF",40,"2:00","Left-footed shot","Andres Iniesta",4,0,"Win",NA
"13/14","LaLiga","28",2013-03-17,"H","FC Barcelona","Rayo Vallecano","CF",40,"2:00","Left-footed shot","David Villa",3,1,"Win",NA
"13/14","LaLiga","28",2013-03-17,"H","FC Barcelona","Rayo Vallecano","CF",57,"3:00","Left-footed shot","David Villa",3,1,"Win",NA
"13/14","LaLiga","29",2013-03-30,"A","FC Barcelona","Celta de Vigo","CF ",73,"1:02","Left-footed shot","Cristian Tello",2,2,"Tie",NA
"13/14","UEFA Champions League","Quarter-Finals",2013-04-02,"A","FC Barcelona","Paris Saint-Germain","CF",38,"0:01","Left-footed shot","Dani Alves",2,2,"Tie",NA
"13/14","LaLiga","33",2013-04-27,"A","FC Barcelona","Athletic Bilbao","CF",67,"1:01","Left-footed shot","Thiago",2,2,"Tie",NA
"13/14","LaLiga","34",2013-05-05,"H","FC Barcelona","Real Betis Balompie","CF",60,"3:02","Direct free kick","No Assist",4,2,"Win",NA
"13/14","LaLiga","34",2013-05-05,"H","FC Barcelona","Real Betis Balompie","CF",71,"4:02","Left-footed shot","Alexis Sanchez",4,2,"Win",NA
"13/14","LaLiga","1",2013-08-18,"H","FC Barcelona","Levante UD","CF",13,"2:00","Left-footed shot","Pedro",7,0,"Win",NA
"13/14","LaLiga","1",2013-08-18,"H","FC Barcelona","Levante UD","CF",42,"5:00","Penalty","No Assist",7,0,"Win",NA
"13/14","LaLiga","3",2013-09-01,"A","FC Barcelona","Valencia CF","CF",11,"0:01","Left-footed shot","Cesc Fabregas",2,3,"Win",NA
"13/14","LaLiga","3",2013-09-01,"A","FC Barcelona","Valencia CF","CF",39,"0:02","Right-footed shot","Cesc Fabregas",2,3,"Win",NA
"13/14","LaLiga","3",2013-09-01,"A","FC Barcelona","Valencia CF","CF",41,"0:03","Left-footed shot","Neymar",2,3,"Win",NA
"13/14","LaLiga","4",2013-09-14,"H","FC Barcelona","Sevilla FC","CF",75,"2:00","Left-footed shot","Neymar",3,2,"Win",NA
"13/14","UEFA Champions League","Group Stage",2013-09-18,"H","FC Barcelona","Ajax Amsterdam","CF",22,"1:00","Direct free kick","No Assist",4,0,"Win",NA
"13/14","UEFA Champions League","Group Stage",2013-09-18,"H","FC Barcelona","Ajax Amsterdam","CF",55,"2:00","Left-footed shot","Sergio Busquets",4,0,"Win",NA
"13/14","UEFA Champions League","Group Stage",2013-09-18,"H","FC Barcelona","Ajax Amsterdam","CF",75,"4:00","Left-footed shot","Xavi",4,0,"Win",NA
"13/14","LaLiga","6",2013-09-24,"H","FC Barcelona","Real Sociedad","CF",8,"2:00","Header","Neymar",4,1,"Win",NA
"13/14","LaLiga","7",2013-09-28,"A","FC Barcelona","UD Almera","CF",21,"0:01","Left-footed shot","Pedro",0,2,"Win",NA
"13/14","UEFA Champions League","Group Stage",2013-10-22,"A","FC Barcelona","AC Milan","CF",23,"1:01","Left-footed shot","Andres Iniesta",1,1,"Tie",NA
"13/14","UEFA Champions League","Group Stage",2013-11-06,"H","FC Barcelona","AC Milan","CF",30,"1:00","Penalty","No Assist",3,1,"Win",NA
"13/14","UEFA Champions League","Group Stage",2013-11-06,"H","FC Barcelona","AC Milan","CF",83,"3:01","Left-footed shot","Cesc Fabregas",3,1,"Win",NA
"13/14","Copa del Rey","last 16",2014-01-08,"H","FC Barcelona","Getafe CF","CF",90,"3:00","Left-footed shot","Marta Montoya",4,0,"Win",NA
"13/14","Copa del Rey","last 16",2014-01-08,"H","FC Barcelona","Getafe CF","CF",90,"4:00","Left-footed shot","Alex Song",4,0,"Win",2
"13/14","Copa del Rey","last 16",2014-01-16,"A","FC Barcelona","Getafe CF","CF",43,"0:01","Right-footed shot","Cristian Tello",0,2,"Win",NA
"13/14","Copa del Rey","last 16",2014-01-16,"A","FC Barcelona","Getafe CF","CF",63,"0:02","Left-footed shot","No Assist",0,2,"Win",NA
"13/14","LaLiga","22",2014-02-01,"H","FC Barcelona","Valencia CF","CF",54,"2:02","Penalty","No Assist",2,3,"Loss",NA
"13/14","LaLiga","23",2014-02-09,"A","FC Barcelona","Sevilla FC","CF",44,"1:02","Left-footed shot","Pedro",1,4,"Win",NA
"13/14","LaLiga","23",2014-02-09,"A","FC Barcelona","Sevilla FC","CF",56,"1:03","Left-footed shot","Andres Iniesta",1,4,"Win",NA
"13/14","Copa del Rey","Semi-Finals",2014-02-12,"A","FC Barcelona","Real Sociedad","CF",26,"0:01","Solo run","No Assist",1,1,"Tie",NA
"13/14","LaLiga","24",2014-02-15,"H","FC Barcelona","Rayo Vallecano","CF",36,"2:00","Left-footed shot","Cesc Fabregas",6,0,"Win",NA
"13/14","LaLiga","24",2014-02-15,"H","FC Barcelona","Rayo Vallecano","CF",68,"5:00","Left-footed shot","Alexis Sanchez",6,0,"Win",NA
"13/14","UEFA Champions League","last 16",2014-02-18,"A","FC Barcelona","Manchester City","CF",54,"0:01","Penalty","No Assist",0,2,"Win",NA
"13/14","LaLiga","25",2014-02-22,"A","FC Barcelona","Real Sociedad","CF",36,"1:01","Left-footed shot","Marta Montoya",3,1,"Loss",NA
"13/14","LaLiga","26",2014-03-02,"H","FC Barcelona","UD Almera","CF",24,"2:00","Direct free kick","No Assist",4,1,"Win",NA
"13/14","UEFA Champions League","last 16",2014-03-12,"H","FC Barcelona","Manchester City","CF",67,"1:00","Left-footed shot","No Assist",2,1,"Win",NA
"13/14","LaLiga","28",2014-03-16,"H","FC Barcelona","CA Osasuna","CF",18,"1:00","Left-footed shot","Alexis Sanchez",7,0,"Win",NA
"13/14","LaLiga","28",2014-03-16,"H","FC Barcelona","CA Osasuna","CF",63,"4:00","Left-footed shot","Andres Iniesta",7,0,"Win",NA
"13/14","LaLiga","28",2014-03-16,"H","FC Barcelona","CA Osasuna","CF",88,"6:00","Right-footed shot","Dani Alves",7,0,"Win",NA
"13/14","LaLiga","29",2014-03-23,"A","FC Barcelona","Real Madrid","CF",42,"2:02","Left-footed shot","Neymar",3,4,"Win",NA
"13/14","LaLiga","29",2014-03-23,"A","FC Barcelona","Real Madrid","CF",65,"3:03","Penalty","No Assist",3,4,"Win",NA
"13/14","LaLiga","29",2014-03-23,"A","FC Barcelona","Real Madrid","CF",84,"3:04","Penalty","No Assist",3,4,"Win",NA
"13/14","LaLiga","30",2014-03-26,"H","FC Barcelona","Celta de Vigo","CF",30,"2:00","Right-footed shot","Andres Iniesta",3,0,"Win",NA
"13/14","LaLiga","31",2014-03-29,"A","FC Barcelona","RCD Espanyol Barcelona","CF",77,"0:01","Penalty","No Assist",0,1,"Win",NA
"13/14","LaLiga","32",2014-04-05,"H","FC Barcelona","Real Betis Balompie","CF",15,"1:00","Penalty","No Assist",3,1,"Win",NA
"13/14","LaLiga","32",2014-04-05,"H","FC Barcelona","Real Betis Balompie","CF",86,"3:01","Penalty rebound","Antonio A05a",3,1,"Win",NA
"13/14","LaLiga","34",2014-04-20,"H","FC Barcelona","Athletic Bilbao","CF",74,"2:01","Direct free kick","No Assist",2,1,"Win",NA
"13/14","LaLiga","35",2014-04-27,"A","FC Barcelona","Villarreal CF","CF",83,"2:03","Right-footed shot","Cesc Fabregas",2,3,"Win",NA
"13/14","LaLiga","36",2014-05-03,"H","FC Barcelona","Getafe CF","CF",23,"1:00","Left-footed shot","Dani Alves",2,2,"Tie",NA
"14/15","LaLiga","1",2014-08-24,"H","FC Barcelona","Elche CF","CF",42,"1:00","Left-footed shot","Sergio Busquets",3,0,"Win",NA
"14/15","LaLiga","1",2014-08-24,"H","FC Barcelona","Elche CF","CF",64,"3:00","Left-footed shot","No Assist",3,0,"Win",NA
"14/15","LaLiga","4",2014-09-21,"A","FC Barcelona","Levante UD","CF",77,"0:05","Right-footed shot","No Assist",0,5,"Win",NA
"14/15","LaLiga","6",2014-09-27,"H","FC Barcelona","Granada CF","CF",62,"4:00","Header","Dani Alves",6,0,"Win",NA
"14/15","LaLiga","6",2014-09-27,"H","FC Barcelona","Granada CF","CF",82,"6:00","Right-footed shot","No Assist",6,0,"Win",NA
"14/15","UEFA Champions League","Group Stage",2014-09-30,"A","FC Barcelona","Paris Saint-Germain","RW",12,"1:01","Left-footed shot","Andres Iniesta",3,2,"Loss",NA
"14/15","LaLiga","7",2014-10-04,"A","FC Barcelona","Rayo Vallecano","CF",35,"0:01","Left-footed shot","Gerard Pique",0,2,"Win",NA
"14/15","LaLiga","8",2014-10-18,"H","FC Barcelona","SD Eibar","CF",74,"3:00","Left-footed shot","Neymar",3,0,"Win",NA
"14/15","UEFA Champions League","Group Stage",2014-10-21,"H","FC Barcelona","Ajax Amsterdam","CF",24,"2:00","Left-footed shot","Andres Iniesta",3,1,"Win",NA
"14/15","UEFA Champions League","Group Stage",2014-11-05,"A","FC Barcelona","Ajax Amsterdam","RW",36,"0:01","Header","Marc Bartra",0,2,"Win",NA
"14/15","UEFA Champions League","Group Stage",2014-11-05,"A","FC Barcelona","Ajax Amsterdam","RW",76,"0:02","Left-footed shot","Pedro",0,2,"Win",NA
"14/15","LaLiga","12",2014-11-22,"H","FC Barcelona","Sevilla FC","RW",21,"1:00","Direct free kick","No Assist",5,1,"Win",NA
"14/15","LaLiga","12",2014-11-22,"H","FC Barcelona","Sevilla FC","RW",73,"4:01","Tap-in","Neymar",5,1,"Win",NA
"14/15","LaLiga","12",2014-11-22,"H","FC Barcelona","Sevilla FC","RW",78,"5:01","Left-footed shot","Neymar",5,1,"Win",NA
"14/15","UEFA Champions League","Group Stage",2014-11-25,"A","FC Barcelona","APOEL Nicosia","CF ",38,"0:02","Right-footed shot","Rafinha",0,4,"Win",NA
"14/15","UEFA Champions League","Group Stage",2014-11-25,"A","FC Barcelona","APOEL Nicosia","CF ",58,"0:03","Right-footed shot","Dani Alves",0,4,"Win",NA
"14/15","UEFA Champions League","Group Stage",2014-11-25,"A","FC Barcelona","APOEL Nicosia","CF ",87,"0:04","Right-footed shot","Pedro",0,4,"Win",NA
"14/15","LaLiga","14",2014-12-07,"H","FC Barcelona","RCD Espanyol Barcelona","RW",45,"1:01","Left-footed shot","Xavi",5,1,"Win",1
"14/15","LaLiga","14",2014-12-07,"H","FC Barcelona","RCD Espanyol Barcelona","RW",50,"2:01","Right-footed shot","Luis Suarez",5,1,"Win",NA
"14/15","LaLiga","14",2014-12-07,"H","FC Barcelona","RCD Espanyol Barcelona","RW",81,"5:01","Right-footed shot","Pedro",5,1,"Win",NA
"14/15","UEFA Champions League","Group Stage",2014-12-10,"H","FC Barcelona","Paris Saint-Germain","AM",19,"1:01","Right-footed shot","Luis Suarez",3,1,"Win",NA
"14/15","LaLiga","16",2014-12-20,"H","FC Barcelona","CÃ³rdoba CF","RW",82,"4:00","Right-footed shot","No Assist",5,0,"Win",NA
"14/15","LaLiga","16",2014-12-20,"H","FC Barcelona","CÃ³rdoba CF","RW",90,"5:00","Right-footed shot","No Assist",5,0,"Win",NA
"14/15","Copa del Rey","last 16",2015-01-08,"H","FC Barcelona","Elche CF","RW ",45,"3:00","Penalty","No Assist",5,0,"Win",NA
"14/15","LaLiga","18",2015-01-11,"H","FC Barcelona","Atletico de Madrid","RW",87,"3:01","Left-footed shot","No Assist",3,1,"Win",NA
"14/15","LaLiga","19",2015-01-18,"A","FC Barcelona","Deportivo de La Coruaa","RW",11,"0:01","Header","Ivan Rakitic",0,4,"Win",NA
"14/15","LaLiga","19",2015-01-18,"A","FC Barcelona","Deportivo de La Coruaa","RW",33,"0:02","Left-footed shot","Luis Suarez",0,4,"Win",NA
"14/15","LaLiga","19",2015-01-18,"A","FC Barcelona","Deportivo de La Coruaa","RW",62,"0:03","Left-footed shot","Ivan Rakitic",0,4,"Win",NA
"14/15","Copa del Rey","Quarter-Finals",2015-01-21,"H","FC Barcelona","Atletico de Madrid","RW ",85,"1:00","Penalty rebound","No Assist",1,0,"Win",NA
"14/15","LaLiga","20",2015-01-24,"A","FC Barcelona","Elche CF","CF",55,"0:02","Penalty","No Assist",0,6,"Win",NA
"14/15","LaLiga","20",2015-01-24,"A","FC Barcelona","Elche CF","CF",88,"0:05","Left-footed shot","Marc Bartra",0,6,"Win",NA
"14/15","LaLiga","21",2015-02-01,"H","FC Barcelona","Villarreal CF","RW",55,"3:02","Right-footed shot","Luis Suarez",3,2,"Win",NA
"14/15","LaLiga","22",2015-02-08,"A","FC Barcelona","Athletic Bilbao","RW",15,"0:01","Direct free kick","No Assist",2,5,"Win",NA
"14/15","Copa del Rey","Semi-Finals",2015-02-11,"H","FC Barcelona","Villarreal CF","RW",41,"1:00","Left-footed shot","Luis Suarez",3,1,"Win",NA
"14/15","LaLiga","23",2015-02-15,"H","FC Barcelona","Levante UD","CF",38,"2:00","Right-footed shot","Marc Bartra",5,0,"Win",NA
"14/15","LaLiga","23",2015-02-15,"H","FC Barcelona","Levante UD","CF",59,"3:00","Right-footed shot","Pedro",5,0,"Win",NA
"14/15","LaLiga","23",2015-02-15,"H","FC Barcelona","Levante UD","CF",65,"4:00","Penalty","No Assist",5,0,"Win",NA
"14/15","LaLiga","25",2015-02-28,"A","FC Barcelona","Granada CF","RW",70,"1:03","Right-footed shot","Luis Suarez",1,3,"Win",NA
"14/15","LaLiga","26",2015-03-08,"H","FC Barcelona","Rayo Vallecano","RW",56,"3:00","Penalty","No Assist",6,1,"Win",NA
"14/15","LaLiga","26",2015-03-08,"H","FC Barcelona","Rayo Vallecano","RW",63,"4:00","Tap-in","No Assist",6,1,"Win",NA
"14/15","LaLiga","26",2015-03-08,"H","FC Barcelona","Rayo Vallecano","RW",68,"5:00","Left-footed shot","Pedro",6,1,"Win",NA
"14/15","LaLiga","27",2015-03-14,"A","FC Barcelona","SD Eibar","RW ",31,"0:01","Penalty","No Assist",0,2,"Win",NA
"14/15","LaLiga","27",2015-03-14,"A","FC Barcelona","SD Eibar","RW ",55,"0:02","Header","Ivan Rakitic",0,2,"Win",NA
"14/15","LaLiga","30",2015-04-08,"H","FC Barcelona","UD Almera","RW",33,"1:00","Left-footed shot","Marc Bartra",4,0,"Win",NA
"14/15","LaLiga","31",2015-04-11,"A","FC Barcelona","Sevilla FC","RW",15,"0:01","Left-footed shot","Neymar",2,2,"Tie",NA
"14/15","LaLiga","32",2015-04-18,"H","FC Barcelona","Valencia CF","RW",90,"2:00","Left-footed shot","No Assist",2,0,"Win",4
"14/15","LaLiga","33",2015-04-25,"A","FC Barcelona","RCD Espanyol Barcelona","RW",25,"0:02","Left-footed shot","Luis Suarez",0,2,"Win",NA
"14/15","LaLiga","34",2015-04-28,"H","FC Barcelona","Getafe CF","RW",9,"1:00","Penalty","No Assist",6,0,"Win",NA
"14/15","LaLiga","34",2015-04-28,"H","FC Barcelona","Getafe CF","RW",47,"6:00","Left-footed shot","Luis Suarez",6,0,"Win",NA
"14/15","LaLiga","35",2015-05-02,"A","FC Barcelona","CÃ³rdoba CF","RW",47,"0:03","Header","Dani Alves",0,8,"Win",NA
"14/15","LaLiga","35",2015-05-02,"A","FC Barcelona","CÃ³rdoba CF","RW",80,"0:06","Left-footed shot","Luis Suarez",0,8,"Win",NA
"14/15","UEFA Champions League","Semi-Finals",2015-05-06,"H","FC Barcelona","Bayern Munich","RW",77,"1:00","Left-footed shot","Dani Alves",3,0,"Win",NA
"14/15","UEFA Champions League","Semi-Finals",2015-05-06,"H","FC Barcelona","Bayern Munich","RW",80,"2:00","Right-footed shot","Ivan Rakitic",3,0,"Win",NA
"14/15","LaLiga","37",2015-05-17,"A","FC Barcelona","Atletico de Madrid","RW",65,"0:01","Left-footed shot","Pedro",0,1,"Win",NA
"14/15","LaLiga","38",2015-05-23,"H","FC Barcelona","Deportivo de La Coruaa","RW",5,"1:00","Header","Rafinha",2,2,"Tie",NA
"14/15","LaLiga","38",2015-05-23,"H","FC Barcelona","Deportivo de La Coruaa","RW",59,"2:00","Right-footed shot","Neymar",2,2,"Tie",NA
"14/15","Copa del Rey","Final",2015-05-30,"A","FC Barcelona","Athletic Bilbao","RW",20,"0:01","Solo run","No Assist",1,3,"Win",NA
"14/15","Copa del Rey","Final",2015-05-30,"A","FC Barcelona","Athletic Bilbao","RW",74,"0:03","Left-footed shot","Dani Alves",1,3,"Win",NA
"15/16","UEFA Super Cup","Final",2015-08-11,"H","FC Barcelona","Sevilla FC","RW",7,"1:01","Direct free kick","No Assist",5,4,"Win",NA
"15/16","UEFA Super Cup","Final",2015-08-11,"H","FC Barcelona","Sevilla FC","RW",16,"2:01","Direct free kick","No Assist",5,4,"Win",NA
"15/16","Supercopa","final",2015-08-17,"H","FC Barcelona","Athletic Bilbao","RW",43,"1:00","Left-footed shot","Luis Suarez",1,1,"Tie",NA
"15/16","LaLiga","3",2015-09-12,"A","FC Barcelona","Atletico de Madrid","RW",77,"1:02","Left-footed shot","Luis Suarez",1,2,"Win",NA
"15/16","LaLiga","4",2015-09-20,"H","FC Barcelona","Levante UD","AM ",61,"3:00","Penalty","No Assist",4,1,"Win",NA
"15/16","LaLiga","4",2015-09-20,"H","FC Barcelona","Levante UD","AM ",90,"4:01","Left-footed shot","Marc Bartra",4,1,"Win",NA
"15/16","UEFA Champions League","Group Stage",2015-11-24,"H","FC Barcelona","AS Roma","RW ",18,"2:00","Left-footed shot","Luis Suarez",6,1,"Win",NA
"15/16","UEFA Champions League","Group Stage",2015-11-24,"H","FC Barcelona","AS Roma","RW ",60,"5:00","Tap-in","No Assist",6,1,"Win",NA
"15/16","LaLiga","13",2015-11-28,"H","FC Barcelona","Real Sociedad","RW",90,"4:00","Left-footed shot","Neymar",4,0,"Win",1
"15/16","UEFA Champions League","Group Stage",2015-12-09,"A","FC Barcelona","Bayer 04 Leverkusen","CF ",20,"0:01","Right-footed shot","Ivan Rakitic",1,1,"Tie",NA
"15/16","LaLiga","15",2015-12-12,"H","FC Barcelona","Deportivo de La Coruaa","RW",39,"1:00","Direct free kick","No Assist",2,2,"Tie",NA
"15/16","FIFA Club World Cup","Final",2015-12-20,"A","FC Barcelona","CA River Plate","RW",36,"0:01","Left-footed shot","Neymar",0,3,"Win",NA
"15/16","LaLiga","17",2015-12-30,"H","FC Barcelona","Real Betis Balompie","RW ",33,"2:00","Right-footed shot","Neymar",4,0,"Win",NA
"15/16","Copa del Rey","last 16",2016-01-06,"H","FC Barcelona","RCD Espanyol Barcelona","RW",13,"1:01","Left-footed shot","Andres Iniesta",4,1,"Win",NA
"15/16","Copa del Rey","last 16",2016-01-06,"H","FC Barcelona","RCD Espanyol Barcelona","RW",44,"2:01","Direct free kick","No Assist",4,1,"Win",NA
"15/16","LaLiga","19",2016-01-09,"H","FC Barcelona","Granada CF","RW ",8,"1:00","Left-footed shot","Arda Turan",4,0,"Win",NA
"15/16","LaLiga","19",2016-01-09,"H","FC Barcelona","Granada CF","RW ",14,"2:00","Left-footed shot","Luis Suarez",4,0,"Win",NA
"15/16","LaLiga","19",2016-01-09,"H","FC Barcelona","Granada CF","RW ",58,"3:00","Tap-in","No Assist",4,0,"Win",NA
"15/16","LaLiga","20",2016-01-17,"H","FC Barcelona","Athletic Bilbao","RW",7,"1:00","Penalty","No Assist",6,0,"Win",NA
"15/16","LaLiga","21",2016-01-23,"A","FC Barcelona","Malaga CF","RW",51,"1:02","Left-footed shot","Adriano",1,2,"Win",NA
"15/16","LaLiga","22",2016-01-30,"H","FC Barcelona","Atletico de Madrid","RW",30,"1:01","Left-footed shot","Jordi Alba",2,1,"Win",NA
"15/16","Copa del Rey","Semi-Finals",2016-02-03,"H","FC Barcelona","Valencia CF","RW",29,"3:00","Left-footed shot","Neymar",7,0,"Win",NA
"15/16","Copa del Rey","Semi-Finals",2016-02-03,"H","FC Barcelona","Valencia CF","RW",59,"4:00","Left-footed shot","Luis Suarez",7,0,"Win",NA
"15/16","Copa del Rey","Semi-Finals",2016-02-03,"H","FC Barcelona","Valencia CF","RW",74,"5:00","Left-footed shot","No Assist",7,0,"Win",NA
"15/16","LaLiga","24",2016-02-14,"H","FC Barcelona","Celta de Vigo","RW",28,"1:00","Direct free kick","No Assist",6,1,"Win",NA
"15/16","LaLiga","16",2016-02-17,"A","FC Barcelona","Sporting GijÃ³n","RW ",25,"0:01","Left-footed shot","Luis Suarez",1,3,"Win",NA
"15/16","LaLiga","16",2016-02-17,"A","FC Barcelona","Sporting GijÃ³n","RW ",31,"1:02","Left-footed shot","Luis Suarez",1,3,"Win",NA
"15/16","UEFA Champions League","last 16",2016-02-23,"A","FC Barcelona","Arsenal FC","RW",71,"0:01","Left-footed shot","Neymar",0,2,"Win",NA
"15/16","UEFA Champions League","last 16",2016-02-23,"A","FC Barcelona","Arsenal FC","RW",83,"0:02","Penalty","No Assist",0,2,"Win",NA
"15/16","LaLiga","26",2016-02-28,"H","FC Barcelona","Sevilla FC","RW ",31,"1:01","Direct free kick","No Assist",2,1,"Win",NA
"15/16","LaLiga","27",2016-03-03,"A","FC Barcelona","Rayo Vallecano","RW",23,"0:02","Left-footed shot","Neymar",1,5,"Win",NA
"15/16","LaLiga","27",2016-03-03,"A","FC Barcelona","Rayo Vallecano","RW",53,"0:03","Left-footed shot","No Assist",1,5,"Win",NA
"15/16","LaLiga","27",2016-03-03,"A","FC Barcelona","Rayo Vallecano","RW",72,"1:04","Left-footed shot","Sergio Busquets",1,5,"Win",NA
"15/16","LaLiga","28",2016-03-06,"A","FC Barcelona","SD Eibar","RW ",42,"0:02","Left-footed shot","Munir El Haddadi",0,4,"Win",NA
"15/16","LaLiga","28",2016-03-06,"A","FC Barcelona","SD Eibar","RW ",76,"0:03","Penalty","No Assist",0,4,"Win",NA
"15/16","LaLiga","29",2016-03-12,"H","FC Barcelona","Getafe CF","CF",41,"4:00","Left-footed shot","Arda Turan",6,0,"Win",NA
"15/16","UEFA Champions League","last 16",2016-03-16,"H","FC Barcelona","Arsenal FC","RW",86,"3:01","Left-footed shot","Neymar",3,1,"Win",NA
"15/16","LaLiga","33",2016-04-17,"H","FC Barcelona","Valencia CF","RW",63,"1:02","Left-footed shot","Jordi Alba",1,2,"Loss",NA
"15/16","LaLiga","34",2016-04-20,"A","FC Barcelona","Deportivo de La Coruaa","RW",73,"0:06","Left-footed shot","Luis Suarez",0,8,"Win",NA
"15/16","LaLiga","35",2016-04-23,"H","FC Barcelona","Sporting GijÃ³n","RW",13,"1:00","Header","No Assist",6,0,"Win",NA
"15/16","LaLiga","37",2016-05-08,"H","FC Barcelona","RCD Espanyol Barcelona","RW",8,"1:00","Direct free kick","No Assist",5,0,"Win",NA
"16/17","Supercopa","final",2016-08-17,"H","FC Barcelona","Sevilla FC","RW ",55,"3:00","Header","Lucas Digne",3,0,"Win",NA
"16/17","LaLiga","1",2016-08-20,"H","FC Barcelona","Real Betis Balompie","RW ",37,"2:01","Left-footed shot","Sergi Roberto",6,2,"Win",NA
"16/17","LaLiga","1",2016-08-20,"H","FC Barcelona","Real Betis Balompie","RW ",58,"5:01","Left-footed shot","Arda Turan",6,2,"Win",NA
"16/17","UEFA Champions League","Group Stage",2016-09-13,"H","FC Barcelona","Celtic FC","RW ",3,"1:00","Left-footed shot","Neymar",7,0,"Win",NA
"16/17","UEFA Champions League","Group Stage",2016-09-13,"H","FC Barcelona","Celtic FC","RW ",27,"2:00","Left-footed shot","Neymar",7,0,"Win",NA
"16/17","UEFA Champions League","Group Stage",2016-09-13,"H","FC Barcelona","Celtic FC","RW ",60,"5:00","Left-footed shot","Luis Suarez",7,0,"Win",NA
"16/17","LaLiga","4",2016-09-17,"A","FC Barcelona","CD Leganes","RW",15,"0:01","Left-footed shot","Luis Suarez",1,5,"Win",NA
"16/17","LaLiga","4",2016-09-17,"A","FC Barcelona","CD Leganes","RW",55,"0:04","Penalty","No Assist",1,5,"Win",NA
"16/17","LaLiga","8",2016-10-15,"H","FC Barcelona","Deportivo de La Coruaa","RW",58,"4:00","Left-footed shot","Neymar",4,0,"Win",NA
"16/17","UEFA Champions League","Group Stage",2016-10-19,"H","FC Barcelona","Manchester City","RW",17,"1:00","Left-footed shot","Andres Iniesta",4,0,"Win",NA
"16/17","UEFA Champions League","Group Stage",2016-10-19,"H","FC Barcelona","Manchester City","RW",61,"2:00","Left-footed shot","Andres Iniesta",4,0,"Win",NA
"16/17","UEFA Champions League","Group Stage",2016-10-19,"H","FC Barcelona","Manchester City","RW",69,"3:00","Left-footed shot","Luis Suarez",4,0,"Win",NA
"16/17","LaLiga","9",2016-10-22,"A","FC Barcelona","Valencia CF","RW",22,"0:01","Left-footed shot","Ivan Rakitic",2,3,"Win",NA
"16/17","LaLiga","9",2016-10-22,"A","FC Barcelona","Valencia CF","RW",90,"2:03","Penalty","No Assist",2,3,"Win",4
"16/17","UEFA Champions League","Group Stage",2016-11-01,"A","FC Barcelona","Manchester City","RW ",21,"0:01","Left-footed shot","Neymar",3,1,"Loss",NA
"16/17","LaLiga","11",2016-11-06,"A","FC Barcelona","Sevilla FC","RW ",43,"1:01","Left-footed shot","Neymar",1,2,"Win",NA
"16/17","UEFA Champions League","Group Stage",2016-11-23,"A","FC Barcelona","Celtic FC","RW ",24,"0:01","Left-footed shot","Neymar",0,2,"Win",NA
"16/17","UEFA Champions League","Group Stage",2016-11-23,"A","FC Barcelona","Celtic FC","RW ",55,"0:02","Penalty","No Assist",0,2,"Win",NA
"16/17","LaLiga","13",2016-11-27,"A","FC Barcelona","Real Sociedad","RW ",59,"1:01","Left-footed shot","Neymar",1,1,"Tie",NA
"16/17","UEFA Champions League","Group Stage",2016-12-06,"H","FC Barcelona","Borussia MÃ¶nchengladbach","RW",16,"1:00","Left-footed shot","Arda Turan",4,0,"Win",NA
"16/17","LaLiga","15",2016-12-10,"A","FC Barcelona","CA Osasuna","RW",72,"0:02","Left-footed shot","Jordi Alba",0,3,"Win",NA
"16/17","LaLiga","15",2016-12-10,"A","FC Barcelona","CA Osasuna","RW",90,"0:03","Left-footed shot","Sergio Busquets",0,3,"Win",2
"16/17","LaLiga","16",2016-12-18,"H","FC Barcelona","RCD Espanyol Barcelona","RW",90,"4:01","Left-footed shot","Luis Suarez",4,1,"Win",NA
"16/17","Copa del Rey","last 16",2017-01-05,"A","FC Barcelona","Athletic Bilbao","RW",52,"2:01","Direct free kick","No Assist",2,1,"Loss",NA
"16/17","LaLiga","17",2017-01-08,"A","FC Barcelona","Villarreal CF","RW",90,"1:01","Direct free kick","No Assist",1,1,"Tie",NA
"16/17","Copa del Rey","last 16",2017-01-11,"H","FC Barcelona","Athletic Bilbao","RW",78,"3:01","Direct free kick","No Assist",3,1,"Win",NA
"16/17","LaLiga","18",2017-01-14,"H","FC Barcelona","UD Las Palmas","RW ",52,"2:00","Right-footed shot","No Assist",5,0,"Win",NA
"16/17","LaLiga","19",2017-01-22,"A","FC Barcelona","SD Eibar","RW ",50,"0:02","Left-footed shot","Luis Suarez",0,4,"Win",NA
"16/17","Copa del Rey","Quarter-Finals",2017-01-26,"H","FC Barcelona","Real Sociedad","RW ",55,"2:00","Penalty","No Assist",5,2,"Win",NA
"16/17","Copa del Rey","Semi-Finals",2017-02-01,"A","FC Barcelona","Atletico de Madrid","RW ",33,"0:02","Left-footed shot","Ivan Rakitic",1,2,"Win",NA
"16/17","LaLiga","21",2017-02-04,"H","FC Barcelona","Athletic Bilbao","RW ",40,"2:00","Direct free kick","No Assist",3,0,"Win",NA
"16/17","LaLiga","22",2017-02-11,"A","FC Barcelona","Deportivo Alaves","RW ",59,"0:03","Left-footed shot","Neymar",0,6,"Win",NA
"16/17","LaLiga","23",2017-02-19,"H","FC Barcelona","CD Leganes","RW",4,"1:00","Right-footed shot","Luis Suarez",2,1,"Win",NA
"16/17","LaLiga","23",2017-02-19,"H","FC Barcelona","CD Leganes","RW",90,"2:01","Penalty","No Assist",2,1,"Win",NA
"16/17","LaLiga","24",2017-02-26,"A","FC Barcelona","Atletico de Madrid","RW",86,"1:02","Left-footed shot","No Assist",1,2,"Win",NA
"16/17","LaLiga","25",2017-03-01,"H","FC Barcelona","Sporting GijÃ³n","RW ",9,"1:00","Header","Javier Mascherano",6,1,"Win",NA
"16/17","LaLiga","26",2017-03-04,"H","FC Barcelona","Celta de Vigo","AM ",24,"1:00","Left-footed shot","Sergio Busquets",5,0,"Win",NA
"16/17","LaLiga","26",2017-03-04,"H","FC Barcelona","Celta de Vigo","AM ",64,"5:00","Left-footed shot","No Assist",5,0,"Win",NA
"16/17","UEFA Champions League","last 16",2017-03-08,"H","FC Barcelona","Paris Saint-Germain","AM",50,"3:00","Penalty","No Assist",6,1,"Win",NA
"16/17","LaLiga","28",2017-03-19,"H","FC Barcelona","Valencia CF","AM",45,"2:01","Penalty","No Assist",4,2,"Win",NA
"16/17","LaLiga","28",2017-03-19,"H","FC Barcelona","Valencia CF","AM",53,"3:02","Right-footed shot","Javier Mascherano",4,2,"Win",NA
"16/17","LaLiga","30",2017-04-05,"H","FC Barcelona","Sevilla FC","RW",28,"2:00","Right-footed shot","Luis Suarez",3,0,"Win",NA
"16/17","LaLiga","30",2017-04-05,"H","FC Barcelona","Sevilla FC","RW",33,"3:00","Left-footed shot","No Assist",3,0,"Win",NA
"16/17","LaLiga","32",2017-04-15,"H","FC Barcelona","Real Sociedad","RW ",17,"1:00","Left-footed shot","Luis Suarez",3,2,"Win",NA
"16/17","LaLiga","32",2017-04-15,"H","FC Barcelona","Real Sociedad","RW ",37,"2:00","Tap-in","No Assist",3,2,"Win",NA
"16/17","LaLiga","33",2017-04-23,"A","FC Barcelona","Real Madrid","RW",33,"1:01","Left-footed shot","Ivan Rakitic",2,3,"Win",NA
"16/17","LaLiga","33",2017-04-23,"A","FC Barcelona","Real Madrid","RW",90,"2:03","Left-footed shot","Jordi Alba",2,3,"Win",2
"16/17","LaLiga","34",2017-04-26,"H","FC Barcelona","CA Osasuna","AM ",12,"1:00","Left-footed shot","No Assist",7,1,"Win",NA
"16/17","LaLiga","34",2017-04-26,"H","FC Barcelona","CA Osasuna","AM ",61,"4:01","Left-footed shot","Ivan Rakitic",7,1,"Win",NA
"16/17","LaLiga","36",2017-05-06,"H","FC Barcelona","Villarreal CF","RW",45,"2:01","Left-footed shot","Sergio Busquets",4,1,"Win",NA
"16/17","LaLiga","36",2017-05-06,"H","FC Barcelona","Villarreal CF","RW",82,"4:01","Penalty","No Assist",4,1,"Win",NA
"16/17","LaLiga","38",2017-05-21,"H","FC Barcelona","SD Eibar","RW",75,"3:02","Penalty","No Assist",4,2,"Win",NA
"16/17","LaLiga","38",2017-05-21,"H","FC Barcelona","SD Eibar","RW",90,"4:02","Right-footed shot","No Assist",4,2,"Win",2
"16/17","Copa del Rey","Final",2017-05-27,"H","FC Barcelona","Deportivo Alaves","RW",30,"1:00","Left-footed shot","Neymar",3,1,"Win",NA
"17/18","Supercopa","final",2017-08-13,"H","FC Barcelona","Real Madrid","RW",77,"1:01","Penalty","No Assist",1,3,"Loss",NA
"17/18","LaLiga","2",2017-08-26,"A","FC Barcelona","Deportivo Alaves","CF",55,"0:01","Left-footed shot","Jordi Alba",0,2,"Win",NA
"17/18","LaLiga","2",2017-08-26,"A","FC Barcelona","Deportivo Alaves","CF",66,"0:02","Left-footed shot","Paco Alcacer",0,2,"Win",NA
"17/18","LaLiga","3",2017-09-09,"H","FC Barcelona","RCD Espanyol Barcelona","CF",26,"1:00","Left-footed shot","Ivan Rakitic",5,0,"Win",NA
"17/18","LaLiga","3",2017-09-09,"H","FC Barcelona","RCD Espanyol Barcelona","CF",35,"2:00","Right-footed shot","Jordi Alba",5,0,"Win",NA
"17/18","LaLiga","3",2017-09-09,"H","FC Barcelona","RCD Espanyol Barcelona","CF",67,"3:00","Left-footed shot","Jordi Alba",5,0,"Win",NA
"17/18","UEFA Champions League","Group Stage",2017-09-12,"H","FC Barcelona","Juventus FC","CF",45,"1:00","Left-footed shot","Luis Suarez",3,0,"Win",NA
"17/18","UEFA Champions League","Group Stage",2017-09-12,"H","FC Barcelona","Juventus FC","CF",69,"3:00","Left-footed shot","No Assist",3,0,"Win",NA
"17/18","LaLiga","5",2017-09-19,"H","FC Barcelona","SD Eibar","CF",21,"1:00","Penalty","No Assist",6,1,"Win",NA
"17/18","LaLiga","5",2017-09-19,"H","FC Barcelona","SD Eibar","CF",59,"4:01","Left-footed shot","Sergio Busquets",6,1,"Win",NA
"17/18","LaLiga","5",2017-09-19,"H","FC Barcelona","SD Eibar","CF",62,"5:01","Left-footed shot","Paulinho",6,1,"Win",NA
"17/18","LaLiga","5",2017-09-19,"H","FC Barcelona","SD Eibar","CF",87,"6:01","Left-footed shot","Aleix Vidal",6,1,"Win",NA
"17/18","LaLiga","7",2017-10-01,"H","FC Barcelona","UD Las Palmas","SS",70,"2:00","Left-footed shot","Denis Suarez",3,0,"Win",NA
"17/18","LaLiga","7",2017-10-01,"H","FC Barcelona","UD Las Palmas","SS",77,"3:00","Left-footed shot","Luis Suarez",3,0,"Win",NA
"17/18","UEFA Champions League","Group Stage",2017-10-18,"H","FC Barcelona","Olympiacos Piraeus","CF",61,"2:00","Direct free kick","No Assist",3,1,"Win",NA
"17/18","LaLiga","10",2017-10-28,"A","FC Barcelona","Athletic Bilbao","SS ",37,"0:01","Left-footed shot","Jordi Alba",0,2,"Win",NA
"17/18","LaLiga","14",2017-12-02,"H","FC Barcelona","Celta de Vigo","SS",22,"1:01","Left-footed shot","Paulinho",2,2,"Tie",NA
"17/18","LaLiga","15",2017-12-10,"A","FC Barcelona","Villarreal CF","RW ",83,"0:02","Left-footed shot","Sergio Busquets",0,2,"Win",NA
"17/18","LaLiga","17",2017-12-23,"A","FC Barcelona","Real Madrid","SS",64,"0:02","Penalty","No Assist",0,3,"Win",NA
"17/18","LaLiga","18",2018-01-07,"H","FC Barcelona","Levante UD","SS",12,"1:00","Left-footed shot","Jordi Alba",3,0,"Win",NA
"17/18","Copa del Rey","last 16",2018-01-11,"H","FC Barcelona","Celta de Vigo","SS",13,"1:00","Left-footed shot","Jordi Alba",5,0,"Win",NA
"17/18","Copa del Rey","last 16",2018-01-11,"H","FC Barcelona","Celta de Vigo","SS",15,"2:00","Left-footed shot","Jordi Alba",5,0,"Win",NA
"17/18","LaLiga","19",2018-01-14,"A","FC Barcelona","Real Sociedad","SS ",85,"2:04","Direct free kick","No Assist",2,4,"Win",NA
"17/18","LaLiga","20",2018-01-21,"A","FC Barcelona","Real Betis Balompie","SS ",64,"0:02","Left-footed shot","Sergio Busquets",0,5,"Win",NA
"17/18","LaLiga","20",2018-01-21,"A","FC Barcelona","Real Betis Balompie","SS ",80,"0:04","Left-footed shot","Luis Suarez",0,5,"Win",NA
"17/18","Copa del Rey","Quarter-Finals",2018-01-25,"H","FC Barcelona","RCD Espanyol Barcelona","SS",25,"2:00","Deflected shot on goal","No Assist",2,0,"Win",NA
"17/18","LaLiga","21",2018-01-28,"H","FC Barcelona","Deportivo Alaves","SS",84,"2:01","Direct free kick","No Assist",2,1,"Win",NA
"17/18","UEFA Champions League","last 16",2018-02-20,"A","FC Barcelona","Chelsea FC","SS",75,"1:01","Left-footed shot","Andres Iniesta",1,1,"Tie",NA
"17/18","LaLiga","25",2018-02-24,"H","FC Barcelona","Girona FC","SS ",30,"2:01","Left-footed shot","Luis Suarez",6,1,"Win",NA
"17/18","LaLiga","25",2018-02-24,"H","FC Barcelona","Girona FC","SS ",36,"3:01","Direct free kick","No Assist",6,1,"Win",NA
"17/18","LaLiga","26",2018-03-01,"A","FC Barcelona","UD Las Palmas","SS",21,"0:01","Direct free kick","No Assist",1,1,"Tie",NA
"17/18","LaLiga","27",2018-03-04,"H","FC Barcelona","Atletico de Madrid","SS",26,"1:00","Direct free kick","No Assist",1,0,"Win",NA
"17/18","UEFA Champions League","last 16",2018-03-14,"H","FC Barcelona","Chelsea FC","SS",3,"1:00","Right-footed shot","Luis Suarez",3,0,"Win",NA
"17/18","UEFA Champions League","last 16",2018-03-14,"H","FC Barcelona","Chelsea FC","SS",63,"3:00","Left-footed shot","Luis Suarez",3,0,"Win",NA
"17/18","LaLiga","29",2018-03-18,"H","FC Barcelona","Athletic Bilbao","SS ",30,"2:00","Left-footed shot","Ousmane Dembele",2,0,"Win",NA
"17/18","LaLiga","30",2018-03-31,"A","FC Barcelona","Sevilla FC","RW",89,"2:02","Left-footed shot","Philippe Coutinho",2,2,"Tie",NA
"17/18","LaLiga","31",2018-04-07,"H","FC Barcelona","CD Leganes","SS ",27,"1:00","Direct free kick","No Assist",3,1,"Win",NA
"17/18","LaLiga","31",2018-04-07,"H","FC Barcelona","CD Leganes","SS ",32,"2:00","Left-footed shot","Philippe Coutinho",3,1,"Win",NA
"17/18","LaLiga","31",2018-04-07,"H","FC Barcelona","CD Leganes","SS ",87,"3:01","Left-footed shot","Ousmane Dembele",3,1,"Win",NA
"17/18","Copa del Rey","Final",2018-04-21,"A","FC Barcelona","Sevilla FC","SS",31,"0:02","Left-footed shot","Jordi Alba",0,5,"Win",NA
"17/18","LaLiga","35",2018-04-29,"A","FC Barcelona","Deportivo de La Coruaa","CF ",38,"0:02","Left-footed shot","Luis Suarez",2,4,"Win",NA
"17/18","LaLiga","35",2018-04-29,"A","FC Barcelona","Deportivo de La Coruaa","CF ",82,"2:03","Right-footed shot","Luis Suarez",2,4,"Win",NA
"17/18","LaLiga","35",2018-04-29,"A","FC Barcelona","Deportivo de La Coruaa","CF ",85,"2:04","Left-footed shot","Luis Suarez",2,4,"Win",NA
"17/18","LaLiga","36",2018-05-06,"H","FC Barcelona","Real Madrid","SS",52,"2:01","Left-footed shot","Luis Suarez",2,2,"Tie",NA
"17/18","LaLiga","34",2018-05-09,"H","FC Barcelona","Villarreal CF","CF",45,"3:00","Left-footed shot","Andres Iniesta",5,1,"Win",NA
"18/19","LaLiga","1",2018-08-18,"H","FC Barcelona","Deportivo Alaves","RW ",64,"1:00","Direct free kick","No Assist",3,0,"Win",NA
"18/19","LaLiga","1",2018-08-18,"H","FC Barcelona","Deportivo Alaves","RW ",90,"3:00","Left-footed shot","Luis Suarez",3,0,"Win",2
"18/19","LaLiga","3",2018-09-02,"H","FC Barcelona","SD Huesca","RW ",16,"1:01","Right-footed shot","Ivan Rakitic",8,2,"Win",NA
"18/19","LaLiga","3",2018-09-02,"H","FC Barcelona","SD Huesca","RW ",61,"6:02","Left-footed shot","Philippe Coutinho",8,2,"Win",NA
"18/19","UEFA Champions League","Group Stage",2018-09-18,"H","FC Barcelona","PSV Eindhoven","RW ",31,"1:00","Direct free kick","No Assist",4,0,"Win",NA
"18/19","UEFA Champions League","Group Stage",2018-09-18,"H","FC Barcelona","PSV Eindhoven","RW ",77,"3:00","Left-footed shot","Ivan Rakitic",4,0,"Win",NA
"18/19","UEFA Champions League","Group Stage",2018-09-18,"H","FC Barcelona","PSV Eindhoven","RW ",87,"4:00","Right-footed shot","Luis Suarez",4,0,"Win",NA
"18/19","LaLiga","5",2018-09-23,"H","FC Barcelona","Girona FC","RW ",19,"1:00","Left-footed shot","Arturo Vidal",2,2,"Tie",NA
"18/19","UEFA Champions League","Group Stage",2018-10-03,"A","FC Barcelona","Tottenham Hotspur","RW ",56,"1:03","Left-footed shot","Jordi Alba",2,4,"Win",NA
"18/19","UEFA Champions League","Group Stage",2018-10-03,"A","FC Barcelona","Tottenham Hotspur","RW ",90,"2:04","Left-footed shot","Jordi Alba",2,4,"Win",NA
"18/19","LaLiga","8",2018-10-07,"A","FC Barcelona","Valencia CF","RW ",23,"1:01","Left-footed shot","Luis Suarez",1,1,"Tie",NA
"18/19","LaLiga","9",2018-10-20,"H","FC Barcelona","Sevilla FC","RW ",12,"2:00","Left-footed shot","Luis Suarez",4,2,"Win",NA
"18/19","LaLiga","12",2018-11-11,"H","FC Barcelona","Real Betis Balompie","SS ",68,"1:02","Penalty","No Assist",3,4,"Loss",NA
"18/19","LaLiga","12",2018-11-11,"H","FC Barcelona","Real Betis Balompie","SS ",90,"3:04","Left-footed shot","Arturo Vidal",3,4,"Loss",4
"18/19","UEFA Champions League","Group Stage",2018-11-28,"A","FC Barcelona","PSV Eindhoven","CF ",61,"0:01","Left-footed shot","Ousmane Dembele",1,2,"Win",NA
"18/19","LaLiga","15",2018-12-08,"A","FC Barcelona","RCD Espanyol Barcelona","RW ",17,"0:01","Direct free kick","No Assist",0,4,"Win",NA
"18/19","LaLiga","15",2018-12-08,"A","FC Barcelona","RCD Espanyol Barcelona","RW ",65,"0:04","Direct free kick","No Assist",0,4,"Win",NA
"18/19","LaLiga","16",2018-12-16,"A","FC Barcelona","Levante UD","SS ",43,"0:02","Right-footed shot","Sergio Busquets",0,5,"Win",NA
"18/19","LaLiga","16",2018-12-16,"A","FC Barcelona","Levante UD","SS ",47,"0:03","Left-footed shot","No Assist",0,5,"Win",NA
"18/19","LaLiga","16",2018-12-16,"A","FC Barcelona","Levante UD","SS ",60,"0:04","Left-footed shot","Arturo Vidal",0,5,"Win",NA
"18/19","LaLiga","17",2018-12-22,"H","FC Barcelona","Celta de Vigo","RW ",45,"2:00","Left-footed shot","Jordi Alba",2,0,"Win",NA
"18/19","LaLiga","18",2019-01-06,"A","FC Barcelona","Getafe CF","RW ",20,"0:01","Left-footed shot","No Assist",1,2,"Win",NA
"18/19","LaLiga","19",2019-01-13,"H","FC Barcelona","SD Eibar","RW ",53,"2:00","Left-footed shot","Luis Suarez",3,0,"Win",NA
"18/19","Copa del Rey","last 16",2019-01-17,"H","FC Barcelona","Levante UD","CF ",54,"3:00","Left-footed shot","Nelson Semedo",3,0,"Win",NA
"18/19","LaLiga","20",2019-01-20,"H","FC Barcelona","CD Leganes","SS",90,"3:01","Right-footed shot","Jordi Alba",3,1,"Win",2
"18/19","LaLiga","21",2019-01-27,"A","FC Barcelona","Girona FC","RW ",69,"0:02","Left-footed shot","Jordi Alba",0,2,"Win",NA
"18/19","Copa del Rey","Quarter-Finals",2019-01-30,"H","FC Barcelona","Sevilla FC","RW ",90,"6:01","Left-footed shot","Jordi Alba",6,1,"Win",2
"18/19","LaLiga","22",2019-02-02,"H","FC Barcelona","Valencia CF","RW ",39,"1:02","Penalty","No Assist",2,2,"Tie",NA
"18/19","LaLiga","22",2019-02-02,"H","FC Barcelona","Valencia CF","RW ",64,"2:02","Left-footed shot","Arturo Vidal",2,2,"Tie",NA
"18/19","LaLiga","24",2019-02-16,"H","FC Barcelona","Real Valladolid CF","RW ",43,"1:00","Penalty","No Assist",1,0,"Win",NA
"18/19","LaLiga","25",2019-02-23,"A","FC Barcelona","Sevilla FC","RW ",26,"1:01","Left-footed shot","Ivan Rakitic",2,4,"Win",NA
"18/19","LaLiga","25",2019-02-23,"A","FC Barcelona","Sevilla FC","RW ",67,"2:02","Right-footed shot","Ousmane Dembele",2,4,"Win",NA
"18/19","LaLiga","25",2019-02-23,"A","FC Barcelona","Sevilla FC","RW ",85,"2:03","Left-footed shot","No Assist",2,4,"Win",NA
"18/19","LaLiga","27",2019-03-09,"H","FC Barcelona","Rayo Vallecano","RW ",51,"2:01","Penalty","No Assist",3,1,"Win",NA
"18/19","UEFA Champions League","last 16",2019-03-13,"H","FC Barcelona","Olympique Lyon","RW ",18,"1:00","Penalty","No Assist",5,1,"Win",NA
"18/19","UEFA Champions League","last 16",2019-03-13,"H","FC Barcelona","Olympique Lyon","RW ",78,"3:01","Right-footed shot","Sergio Busquets",5,1,"Win",NA
"18/19","LaLiga","28",2019-03-17,"A","FC Barcelona","Real Betis Balompie","SS ",18,"0:01","Direct free kick","No Assist",1,4,"Win",NA
"18/19","LaLiga","28",2019-03-17,"A","FC Barcelona","Real Betis Balompie","SS ",45,"0:02","Left-footed shot","Luis Suarez",1,4,"Win",2
"18/19","LaLiga","28",2019-03-17,"A","FC Barcelona","Real Betis Balompie","SS ",85,"1:04","Left-footed shot","Ivan Rakitic",1,4,"Win",NA
"18/19","LaLiga","29",2019-03-30,"H","FC Barcelona","RCD Espanyol Barcelona","RW ",71,"1:00","Direct free kick","No Assist",2,0,"Win",NA
"18/19","LaLiga","29",2019-03-30,"H","FC Barcelona","RCD Espanyol Barcelona","RW ",89,"2:00","Left-footed shot","Malcom",2,0,"Win",NA
"18/19","LaLiga","30",2019-04-02,"A","FC Barcelona","Villarreal CF","RW",90,"4:03","Direct free kick","No Assist",4,4,"Tie",NA
"18/19","LaLiga","31",2019-04-06,"H","FC Barcelona","Atletico de Madrid","SS ",87,"2:00","Left-footed shot","No Assist",2,0,"Win",NA
"18/19","UEFA Champions League","Quarter-Finals",2019-04-16,"H","FC Barcelona","Manchester United","RW ",16,"1:00","Left-footed shot","No Assist",3,0,"Win",NA
"18/19","UEFA Champions League","Quarter-Finals",2019-04-16,"H","FC Barcelona","Manchester United","RW ",20,"2:00","Right-footed shot","No Assist",3,0,"Win",NA
"18/19","LaLiga","35",2019-04-27,"H","FC Barcelona","Levante UD","RW",62,"1:00","Left-footed shot","Arturo Vidal",1,0,"Win",NA
"18/19","UEFA Champions League","Semi-Finals",2019-05-01,"H","FC Barcelona","Liverpool FC","RW ",75,"2:00","Left-footed shot","Luis Suarez",3,0,"Win",NA
"18/19","UEFA Champions League","Semi-Finals",2019-05-01,"H","FC Barcelona","Liverpool FC","RW ",82,"3:00","Direct free kick","No Assist",3,0,"Win",NA
"18/19","LaLiga","38",2019-05-19,"A","FC Barcelona","SD Eibar","CF ",31,"1:01","Left-footed shot","Arturo Vidal",2,2,"Tie",NA
"18/19","LaLiga","38",2019-05-19,"A","FC Barcelona","SD Eibar","CF ",32,"1:02","Left-footed shot","Ivan Rakitic",2,2,"Tie",NA
"18/19","Copa del Rey","Final",2019-05-25,"H","FC Barcelona","Valencia CF","CF ",73,"1:02","Left-footed shot","Clement Lenglet",1,2,"Loss",NA
"19/20","LaLiga","8",2019-10-06,"H","FC Barcelona","Sevilla FC","RW ",78,"4:00","Direct free kick","No Assist",4,0,"Win",NA
"19/20","LaLiga","9",2019-10-19,"A","FC Barcelona","SD Eibar","RW ",58,"0:02","Left-footed shot","Antoine Griezmann",0,3,"Win",NA
"19/20","UEFA Champions League","Group Stage",2019-10-23,"A","FC Barcelona","SK Slavia Prague","RW ",3,"0:01","Left-footed shot","Arthur",1,2,"Win",NA
"19/20","LaLiga","11",2019-10-29,"H","FC Barcelona","Real Valladolid CF","RW ",34,"3:01","Direct free kick","No Assist",5,1,"Win",NA
"19/20","LaLiga","11",2019-10-29,"H","FC Barcelona","Real Valladolid CF","RW ",75,"4:01","Left-footed shot","Ivan Rakitic",5,1,"Win",NA
"19/20","LaLiga","12",2019-11-02,"A","FC Barcelona","Levante UD","RW ",38,"0:01","Penalty","No Assist",3,1,"Loss",NA
"19/20","LaLiga","13",2019-11-09,"H","FC Barcelona","Celta de Vigo","RW ",23,"1:00","Penalty","No Assist",4,1,"Win",NA
"19/20","LaLiga","13",2019-11-09,"H","FC Barcelona","Celta de Vigo","RW ",45,"2:01","Direct free kick","No Assist",4,1,"Win",1
"19/20","LaLiga","13",2019-11-09,"H","FC Barcelona","Celta de Vigo","RW ",48,"3:01","Direct free kick","No Assist",4,1,"Win",NA
"19/20","UEFA Champions League","Group Stage",2019-11-27,"H","FC Barcelona","Borussia Dortmund","RW ",33,"2:00","Left-footed shot","Luis Suarez",3,1,"Win",NA
"19/20","LaLiga","15",2019-12-01,"A","FC Barcelona","Atletico de Madrid","RW ",86,"0:01","Left-footed shot","Luis Suarez",0,1,"Win",NA
"19/20","LaLiga","16",2019-12-07,"H","FC Barcelona","RCD Mallorca","RW ",17,"2:00","Left-footed shot","Antoine Griezmann",5,2,"Win",NA
"19/20","LaLiga","16",2019-12-07,"H","FC Barcelona","RCD Mallorca","RW ",41,"3:01","Left-footed shot","Ivan Rakitic",5,2,"Win",NA
"19/20","LaLiga","16",2019-12-07,"H","FC Barcelona","RCD Mallorca","RW ",83,"5:02","Left-footed shot","Luis Suarez",5,2,"Win",NA
"19/20","LaLiga","18",2019-12-21,"H","FC Barcelona","Deportivo Alaves","RW ",69,"3:01","Left-footed shot","Luis Suarez",4,1,"Win",NA
"19/20","Supercopa","Semi-Finals",2020-01-09,"H","FC Barcelona","Atletico de Madrid","RW ",51,"1:01","Right-footed shot","Luis Suarez",2,3,"Loss",NA
"19/20","LaLiga","20",2020-01-19,"H","FC Barcelona","Granada CF","CF ",76,"1:00","Right-footed shot","Arturo Vidal",1,0,"Win",NA
"19/20","Copa del Rey","Round of 16",2020-01-30,"H","FC Barcelona","CD Leganes","RW ",59,"3:00","Left-footed shot","Frenkie de Jong",5,0,"Win",NA
"19/20","Copa del Rey","Round of 16",2020-01-30,"H","FC Barcelona","CD Leganes","RW ",89,"5:00","Left-footed shot","Ivan Rakitic",5,0,"Win",NA
"19/20","LaLiga","25",2020-02-22,"H","FC Barcelona","SD Eibar","SS ",14,"1:00","Left-footed shot","Ivan Rakitic",5,0,"Win",NA
"19/20","LaLiga","25",2020-02-22,"H","FC Barcelona","SD Eibar","SS ",37,"2:00","Left-footed shot","Arturo Vidal",5,0,"Win",NA
"19/20","LaLiga","25",2020-02-22,"H","FC Barcelona","SD Eibar","SS ",40,"3:00","Left-footed shot","No Assist",5,0,"Win",NA
"19/20","LaLiga","25",2020-02-22,"H","FC Barcelona","SD Eibar","SS ",87,"4:00","Left-footed shot","No Assist",5,0,"Win",NA
"19/20","LaLiga","27",2020-03-07,"H","FC Barcelona","Real Sociedad","CF ",81,"1:00","Penalty","No Assist",1,0,"Win",NA
"19/20","LaLiga","28",2020-06-13,"A","FC Barcelona","RCD Mallorca","RW ",90,"0:04","Right-footed shot","Luis Suarez",0,4,"Win",3
"19/20","LaLiga","29",2020-06-16,"H","FC Barcelona","CD Leganes","RW ",69,"2:00","Penalty","No Assist",2,0,"Win",NA
"19/20","LaLiga","33",2020-06-30,"H","FC Barcelona","Atletico de Madrid","SS ",50,"2:01","Penalty","No Assist",2,2,"Tie",NA
"19/20","LaLiga","37",2020-07-16,"H","FC Barcelona","CA Osasuna","RW ",62,"1:01","Direct free kick","No Assist",1,2,"Loss",NA
"19/20","LaLiga","38",2020-07-19,"A","FC Barcelona","Deportivo Alaves","RW ",34,"0:02","Left-footed shot","Riqui Puig",0,5,"Win",NA
"19/20","LaLiga","38",2020-07-19,"A","FC Barcelona","Deportivo Alaves","RW ",75,"0:05","Left-footed shot","Jordi Alba",0,5,"Win",NA
"19/20","UEFA Champions League","last 16",2020-08-08,"H","FC Barcelona","SSC Napoli","SS ",23,"2:00","Left-footed shot","No Assist",3,1,"Win",NA
"20/21","LaLiga","3",2020-09-27,"H","FC Barcelona","Villarreal CF","CF ",35,"3:00","Penalty","No Assist",4,0,"Win",NA
"20/21","UEFA Champions League","Group Stage",2020-10-20,"H","FC Barcelona","Ferencvarosi TC","CF ",27,"1:00","Penalty","No Assist",5,1,"Win",NA
"20/21","UEFA Champions League","Group Stage",2020-10-28,"A","FC Barcelona","Juventus FC","CF ",90,"0:02","Penalty","No Assist",0,2,"Win",1
"20/21","UEFA Champions League","Group Stage",2020-11-04,"H","FC Barcelona","Dynamo Kyiv","RW ",5,"1:00","Penalty","No Assist",2,1,"Win",NA
"20/21","LaLiga","9",2020-11-07,"H","FC Barcelona","Real Betis Balompie","CF",61,"3:01","Penalty","No Assist",5,2,"Win",NA
"20/21","LaLiga","9",2020-11-07,"H","FC Barcelona","Real Betis Balompie","CF",82,"4:02","Left-footed shot","Sergi Roberto",5,2,"Win",NA
"20/21","LaLiga","11",2020-11-29,"H","FC Barcelona","CA Osasuna","RW ",73,"4:00","Left-footed shot","Francisco TrincÃ£o",4,0,"Win",NA
"20/21","LaLiga","13",2020-12-13,"H","FC Barcelona","Levante UD","CF ",76,"1:00","Left-footed shot","Frenkie de Jong",1,0,"Win",NA
"20/21","LaLiga","14",2020-12-19,"H","FC Barcelona","Valencia CF","CF ",45,"1:01","Header","No Assist",2,2,"Tie",4
"20/21","LaLiga","15",2020-12-22,"A","FC Barcelona","Real Valladolid CF","AM ",65,"0:03","Left-footed shot","Pedri",0,3,"Win",NA
"20/21","LaLiga","2",2021-01-06,"A","FC Barcelona","Athletic Bilbao","CF ",38,"1:02","Left-footed shot","Pedri",2,3,"Win",NA
"20/21","LaLiga","2",2021-01-06,"A","FC Barcelona","Athletic Bilbao","CF ",62,"1:03","Left-footed shot","Antoine Griezmann",2,3,"Win",NA
"20/21","LaLiga","18",2021-01-09,"A","FC Barcelona","Granada CF","CF ",35,"0:02","Left-footed shot","Antoine Griezmann",0,4,"Win",NA
"20/21","LaLiga","18",2021-01-09,"A","FC Barcelona","Granada CF","CF ",42,"0:03","Direct free kick","No Assist",0,4,"Win",NA
"20/21","Copa del Rey","Round of 16",2021-01-27,"A","FC Barcelona","Rayo Vallecano","CF ",69,"1:01","Left-footed shot","Antoine Griezmann",1,2,"Win",NA
"20/21","LaLiga","21",2021-01-31,"H","FC Barcelona","Athletic Bilbao","CF ",20,"1:00","Direct free kick","No Assist",2,1,"Win",NA
"20/21","LaLiga","22",2021-02-07,"A","FC Barcelona","Real Betis Balompie","CF",59,"1:01","Left-footed shot","Ousmane Dembele",2,3,"Win",NA
"20/21","LaLiga","23",2021-02-13,"H","FC Barcelona","Deportivo Alaves","CF ",45,"2:00","Left-footed shot","Sergio Busquets",5,1,"Win",1
"20/21","LaLiga","23",2021-02-13,"H","FC Barcelona","Deportivo Alaves","CF ",75,"4:01","Left-footed shot","Antoine Griezmann",5,1,"Win",NA
"20/21","UEFA Champions League","last 16",2021-02-16,"H","FC Barcelona","Paris Saint-Germain","CF ",27,"1:00","Penalty","No Assist",1,4,"Loss",NA
"20/21","LaLiga","24",2021-02-21,"H","FC Barcelona","Cadiz CF","CF ",32,"1:00","Penalty","No Assist",1,1,"Tie",NA
"20/21","LaLiga","1",2021-02-24,"H","FC Barcelona","Elche CF","CF ",48,"1:00","Left-footed shot","Martin Braithwaite",3,0,"Win",NA
"20/21","LaLiga","1",2021-02-24,"H","FC Barcelona","Elche CF","CF ",68,"2:00","Left-footed shot","Frenkie de Jong",3,0,"Win",NA
"20/21","LaLiga","25",2021-02-27,"A","FC Barcelona","Sevilla FC","CF ",85,"0:02","Right-footed shot","Ilaix Moriba",0,2,"Win",NA
"20/21","UEFA Champions League","last 16",2021-03-10,"A","FC Barcelona","Paris Saint-Germain","SS ",37,"1:01","Long distance kick","Pedri",1,1,"Tie",NA
"20/21","LaLiga","27",2021-03-15,"H","FC Barcelona","SD Huesca","SS ",13,"1:00","Left-footed shot","Sergio Busquets",4,1,"Win",NA
"20/21","LaLiga","27",2021-03-15,"H","FC Barcelona","SD Huesca","SS ",90,"4:01","Left-footed shot","Francisco TrincÃ£o",4,1,"Win",NA
"20/21","LaLiga","28",2021-03-21,"A","FC Barcelona","Real Sociedad","SS ",56,"0:04","Left-footed shot","Sergio Busquets",1,6,"Win",NA
"20/21","LaLiga","28",2021-03-21,"A","FC Barcelona","Real Sociedad","SS ",89,"1:06","Left-footed shot","Jordi Alba",1,6,"Win",NA
"20/21","Copa del Rey","Final",2021-04-17,"A","FC Barcelona","Athletic Bilbao","CF ",68,"0:03","Left-footed shot","Frenkie de Jong",0,4,"Win",NA
"20/21","Copa del Rey","Final",2021-04-17,"A","FC Barcelona","Athletic Bilbao","CF ",72,"0:04","Left-footed shot","Jordi Alba",0,4,"Win",NA
"20/21","LaLiga","31",2021-04-22,"H","FC Barcelona","Getafe CF","CF ",8,"1:00","Left-footed shot","Sergio Busquets",5,2,"Win",NA
"20/21","LaLiga","31",2021-04-22,"H","FC Barcelona","Getafe CF","CF ",33,"3:01","Left-footed shot","No Assist",5,2,"Win",NA
"20/21","LaLiga","33",2021-04-29,"H","FC Barcelona","Granada CF","CF ",23,"1:00","Left-footed shot","Antoine Griezmann",1,2,"Loss",NA
"20/21","LaLiga","34",2021-05-02,"A","FC Barcelona","Valencia CF","CF ",57,"1:01","Left-footed shot","No Assist",2,3,"Win",NA
"20/21","LaLiga","34",2021-05-02,"A","FC Barcelona","Valencia CF","CF ",69,"1:03","Direct free kick","No Assist",2,3,"Win",NA
"20/21","LaLiga","36",2021-05-11,"A","FC Barcelona","Levante UD","SS ",25,"0:01","Left-footed shot","No Assist",3,3,"Tie",NA
"20/21","LaLiga","37",2021-05-16,"H","FC Barcelona","Celta de Vigo","SS ",28,"1:00","Header","Sergio Busquets",1,2,"Loss",NA
"21/22","UEFA Champions League","Group Stage",2021-09-28,"H","Paris Saint-Germain","Manchester City","RW",74,"2:00","Left-footed shot","Kylian Mbappe",2,0,"Win",NA
"21/22","UEFA Champions League","Group Stage",2021-10-19,"H","Paris Saint-Germain","RB Leipzig","RW",67,"2:02","Left-footed shot","Kylian Mbappe",3,2,"Win",NA
"21/22","UEFA Champions League","Group Stage",2021-10-19,"H","Paris Saint-Germain","RB Leipzig","RW",74,"3:02","Penalty","No Assist",3,2,"Win",NA
"21/22","Ligue 1","14",2021-11-20,"H","Paris Saint-Germain","FC Nantes","RW",87,"3:01","Left-footed shot","Kylian Mbappe",3,1,"Win",NA
"21/22","UEFA Champions League","Group Stage",2021-12-07,"H","Paris Saint-Germain","Club Brugge KV","CF",38,"3:00","Left-footed shot","Kylian Mbappe",4,1,"Win",NA
"21/22","UEFA Champions League","Group Stage",2021-12-07,"H","Paris Saint-Germain","Club Brugge KV","CF",76,"4:01","Penalty","No Assist",4,1,"Win",NA
"21/22","Ligue 1","23",2022-02-06,"A","Paris Saint-Germain","LOSC Lille","CF",38,"1:03","Left-footed shot","No Assist",1,5,"Win",NA
"21/22","Ligue 1","30",2022-04-03,"H","Paris Saint-Germain","FC Lorient","RW",73,"4:01","Left-footed shot","Kylian Mbappe",5,1,"Win",NA
"21/22","Ligue 1","34",2022-04-23,"H","Paris Saint-Germain","RC Lens","RW",68,"1:00","Left-footed shot","Neymar",1,1,"Tie",NA
"21/22","Ligue 1","37",2022-05-14,"A","Paris Saint-Germain","Montpellier","CF",6,"0:01","Left-footed shot","Kylian Mbappé",0,4,"Win",NA
"21/22","Ligue 1","37",2022-05-14,"A","Paris Saint-Germain","Montpellier","CF",20,"0:02","Left-footed shot","Kylian Mbappé",0,4,"Win",NA
"21/22","Trophée des Champions","Final",2022-07-31,"H","Paris Saint-Germain","FC Nantes","CF",22,"1:00","Right-footed shot","No Assist",4,0,"Win",NA
"21/22","Ligue 1","1",2022-08-06,"A","Paris Saint-Germain","Clermont Foot","CF",80,"0:04","Left-footed shot","Neymar",0,5,"Win",NA
"21/22","Ligue 1","1",2022-08-06,"A","Paris Saint-Germain","Clermont Foot","CF",86,"0:05","Left-footed shot","Leandro Paredes",0,5,"Win",NA
"22/23","Troph�e des Champions","Final",2022-07-31,"H","Paris Saint-Germain","FC Nantes","CF",22,"1:00","Right-footed shot","No Assist",4,0,"Win",NA
"22/23","Ligue 1","1",2022-08-06,"A","Paris Saint-Germain","Clermont Foot","CF",80,"0:04","Left-footed shot","Neymar",0,5,"Win",NA
"22/23","Ligue 1","1",2022-08-06,"A","Paris Saint-Germain","Clermont Foot","CF",86,"0:05","Left-footed shot","Leandro Paredes",0,5,"Win",NA
"22/23","Ligue 1","3",2022-08-21,"A","Paris Saint-Germain","LOSC Lille","AM",27,"0:02","Right-footed shot","Nuno Mendes",1,7,"Win",NA
"22/23","Champions League","Group Stage",2022-09-14,"A","Paris Saint-Germain","Maccabi Haifa","SS",37,"1:01","Left-footed shot","No Assist",1,3,"Win",NA
"22/23","Ligue 1","8",2022-09-18,"A","Paris Saint-Germain","Olympique Lyon","AM",5,"0:01","Left-footed shot","Neymar",0,1,"Win",NA
"22/23","Ligue 1","9",2022-10-01,"H","Paris Saint-Germain","OGC Nice","AM",28,"1:0","Direct free kick","No Assist",2,1,"Win",NA
"22/23","UEFA Champions League","Group Stage",2022-10-05,"A","Paris Saint-Germain","SL Benfica","AM",22,"0:1","Left-footed shot","Neymar",1,1,"Tie",NA
"22/23","Ligue 1","12",2022-10-21,"A","Paris Saint-Germain","AC Ajaccio","CF",78,"0:2","Left-footed shot","Kylian Mbappe",0,3,"Win",NA
"22/23","UEFA Champions League","Group Stage",2022-10-25,"H","Paris Saint-Germain","Maccabi Haifa","SS",19,"1:0","Left-footed shot","Kylian Mbappe",7,2,"Win",NA
"22/23","UEFA Champions League","Group Stage",2022-10-25,"H","Paris Saint-Germain","Maccabi Haifa","SS",44,"4:1","Left-footed shot","Kylian Mbappe",7,2,"Win",NA
"22/23","Ligue 1","13",2022-10-29,"H","Paris Saint-Germain","ESTAC Troyes","RW",55,"2:2","Left-footed shot","Sergio Ramos",4,3,"Win",NA
